"State","SBA","Species","Season","Year","peak_sort","International threshold","National threshold","Importance","Data source"
"WA","Albany","Grey Plover","summer",2017,75,750,75,"National","ASMP"
"WA","Albany","Sharp-tailed Sandpiper","summer",2020,159,1300,130,"National","ASMP"
"NT","Alice Springs Sewage Treatment Plant","Sharp-tailed Sandpiper","summer",2020,250,1300,130,"National","ASMP; incidental"
"QLD","Alma Saltworks","Curlew Sandpiper","summer",2011,585,1200,120,"National","QWSG; ASMP"
"QLD","Alma Saltworks","Marsh Sandpiper","summer",2014,150,1300,130,"National","QWSG; ASMP; incidental"
"QLD","Alma Saltworks","Red-necked Stint","summer",2010,1318,6000,600,"National","QWSG; ASMP"
"QLD","Alma Saltworks","Sharp-tailed Sandpiper","summer",2014,1000,1300,130,"National","QWSG; ASMP; incidental"
"QLD","Alva Beach","Curlew Sandpiper","summer",2021,815,1200,120,"National","QWSG; ASMP"
"QLD","Alva Beach","Far Eastern Curlew","summer",2022,47,350,35,"National","QWSG; ASMP"
"QLD","Alva Beach","Siberian Sand Plover","summer",2023,60,260,26,"National","QWSG; ASMP; incidental"
"QLD","Alva Beach","Marsh Sandpiper","summer",2021,491,1300,130,"National","QWSG; ASMP"
"QLD","Alva Beach","Pacific Golden Plover","summer",2022,424,1500,150,"National","QWSG; ASMP"
"QLD","Alva Beach","Red-necked Stint","summer",2021,3672,6000,600,"National","QWSG; ASMP"
"QLD","Alva Beach","Sharp-tailed Sandpiper","summer",2021,1500,1300,130,"International","QWSG; ASMP"
"VIC","Anderson Inlet","Far Eastern Curlew","summer",2011,155,350,35,"National","ASMP"
"VIC","Anderson Inlet","Red-necked Stint","summer",2010,2690,6000,600,"National","ASMP"
"VIC","Anderson Inlet","Sharp-tailed Sandpiper","summer",2018,500,1300,130,"National","ASMP"
"NT","Anson Bay, Daly & Reynolds River Floodplains","Bar-tailed Godwit","summer",2012,639,3750,375,"National","Chatto (2012)"
"NT","Anson Bay, Daly & Reynolds River Floodplains","Great Knot","summer",2012,1868,4000,400,"National","Chatto (2012)"
"NT","Anson Bay, Daly & Reynolds River Floodplains","Terek Sandpiper","summer",2011,272,750,75,"National","Chatto (2012)"
"QLD","Armstrong Beach","Bar-tailed Godwit","summer",2018,585,3750,375,"National","QWSG; ASMP"
"QLD","Armstrong Beach","Far Eastern Curlew","summer",2013,66,350,35,"National","QWSG; ASMP"
"QLD","Armstrong Beach","Great Knot","summer",2023,1495,4000,400,"National","QWSG; ASMP"
"SA","BHP Saltfields","Curlew Sandpiper","summer",2021,200,1200,120,"National","ASMP"
"SA","BHP Saltfields","Red-necked Stint","summer",2023,2000,6000,600,"National","ASMP"
"SA","BHP Saltfields","Sharp-tailed Sandpiper","summer",2023,1100,1300,130,"National","ASMP"
"SA","Baird Bay","Curlew Sandpiper","summer",2011,290,1200,120,"National","ASMP"
"SA","Baird Bay","Grey Plover","summer",2011,288,750,75,"National","ASMP"
"SA","Baird Bay","Red Knot","summer",2011,360,1300,130,"National","ASMP"
"SA","Baird Bay","Red-necked Stint","summer",2023,1307,6000,600,"National","ASMP"
"SA","Baird Bay","Ruddy Turnstone","summer",2011,83,300,30,"National","ASMP"
"SA","Baird Bay","Sanderling","summer",2024,43,300,30,"National","ASMP"
"SA","Baird Bay","Sharp-tailed Sandpiper","summer",2023,615,1300,130,"National","ASMP"
"WA","Bannitup Lake","Red-necked Stint","summer",2022,2000,6000,600,"National","ASMP"
"WA","Bannitup Lake","Sharp-tailed Sandpiper","summer",2023,225,1300,130,"National","ASMP"
"WA","Barrow Island","Bar-tailed Godwit","summer",2023,386,3750,375,"National","ASMP"
"WA","Barrow Island","Greater Sand Plover","summer",2023,987,1400,140,"National","ASMP"
"WA","Barrow Island","Grey Plover","summer",2023,79,750,75,"National","ASMP"
"WA","Barrow Island","Grey-tailed Tattler","summer",2023,1663,800,80,"International","ASMP"
"WA","Barrow Island","Siberian Sand Plover","summer",2023,351,260,26,"International","ASMP"
"WA","Barrow Island","Red-necked Stint","summer",2013,2192,6000,600,"National","ASMP"
"WA","Barrow Island","Ruddy Turnstone","summer",2023,645,300,30,"International","ASMP"
"WA","Barrow Island","Sanderling","summer",2023,86,300,30,"National","ASMP"
"VIC","Begola","Latham's Snipe","summer",2017,98,350,18,"National","Latham's Snipe Project; ASMP"
"WA","Bibra and Thompsons Lakes Reserves","Sharp-tailed Sandpiper","summer",2011,850,1300,130,"National","ASMP; incidental"
"VIC","Black Rocks/Breamlea","Red-necked Stint","summer",2017,800,6000,600,"National","ASMP; incidental"
"VIC","Black Rocks/Breamlea","Sharp-tailed Sandpiper","summer",2019,204,1300,130,"National","ASMP"
"QLD","Blacks Beach","Far Eastern Curlew","summer",2012,50,350,35,"National","QWSG; ASMP"
"QLD","Blacks Beach","Grey-tailed Tattler","summer",2017,120,800,80,"National","QWSG; ASMP; incidental"
"QLD","Blacks Beach","Siberian Sand Plover","summer",2024,45,260,26,"National","QWSG; ASMP"
"QLD","Blacks Beach","Ruddy Turnstone","summer",2017,85,300,30,"National","QWSG; ASMP; incidental"
"QLD","Blacks Beach","Whimbrel","summer",2023,115,900,90,"National","QWSG; ASMP"
"WA","Blackwood Estuary","Sanderling","summer",2022,111,300,30,"National","ASMP; incidental"
"NSW","Botany Bay","Bar-tailed Godwit","summer",2011,403,3750,375,"National","ASMP"
"NSW","Botany Bay","Far Eastern Curlew","summer",2011,219,350,35,"National","ASMP"
"NSW","Botany Bay","Ruddy Turnstone","summer",2021,50,300,30,"National","ASMP; incidental"
"NT","Boucaut Bay","Bar-tailed Godwit","summer",2011,1045,3750,375,"National","Chatto (2012)"
"NT","Boucaut Bay","Black-tailed Godwit","summer",2012,1797,2300,230,"National","Chatto (2012)"
"NT","Boucaut Bay","Great Knot","summer",2012,7501,4000,400,"International","Chatto (2012)"
"NT","Boucaut Bay","Greater Sand Plover","summer",2011,1315,1400,140,"National","Chatto (2012)"
"NT","Boucaut Bay","Siberian Sand Plover","summer",2011,39,260,26,"National","Chatto (2012)"
"NT","Boucaut Bay","Red-necked Stint","summer",2011,1548,6000,600,"National","Chatto (2012)"
"NT","Boucaut Bay","Ruddy Turnstone","summer",2011,64,300,30,"National","Chatto (2012)"
"NT","Boucaut Bay","Terek Sandpiper","summer",2012,105,750,75,"National","Chatto (2012)"
"QLD","Bowling Green Bay","Bar-tailed Godwit","summer",2011,400,3750,375,"National","QWSG; ASMP"
"QLD","Bowling Green Bay","Black-tailed Godwit","summer",2015,1400,2300,230,"National","QWSG; ASMP"
"QLD","Bowling Green Bay","Curlew Sandpiper","summer",2011,573,1200,120,"National","QWSG; ASMP"
"QLD","Bowling Green Bay","Far Eastern Curlew","summer",2018,100,350,35,"National","QWSG; ASMP; incidental"
"QLD","Bowling Green Bay","Great Knot","summer",2012,2850,4000,400,"National","QWSG; ASMP"
"QLD","Bowling Green Bay","Greater Sand Plover","summer",2013,900,1400,140,"National","QWSG; ASMP"
"QLD","Bowling Green Bay","Grey Plover","summer",2021,121,750,75,"National","QWSG; ASMP"
"QLD","Bowling Green Bay","Siberian Sand Plover","summer",2012,330,260,26,"International","QWSG; ASMP"
"QLD","Bowling Green Bay","Pacific Golden Plover","summer",2013,410,1500,150,"National","QWSG; ASMP"
"QLD","Bowling Green Bay","Red Knot","summer",2011,251,1300,130,"National","QWSG; ASMP"
"QLD","Bowling Green Bay","Red-necked Stint","summer",2011,6403,6000,600,"International","QWSG; ASMP"
"QLD","Bowling Green Bay","Sharp-tailed Sandpiper","summer",2012,1488,1300,130,"International","QWSG; ASMP"
"QLD","Bowling Green Bay","Whimbrel","summer",2017,90,900,90,"National","QWSG; ASMP; incidental"
"QLD","Broadsound","Far Eastern Curlew","summer",2014,599,350,35,"International","QWSG; ASMP"
"QLD","Broadsound","Great Knot","summer",2022,1170,4000,400,"National","QWSG; ASMP"
"QLD","Broadsound","Greater Sand Plover","summer",2011,400,1400,140,"National","QWSG; ASMP; incidental"
"QLD","Broadsound","Siberian Sand Plover","summer",2013,52,260,26,"National","QWSG; ASMP; incidental"
"QLD","Broadsound","Red Knot","summer",2011,603,1300,130,"National","QWSG; ASMP; incidental"
"QLD","Broadsound","Red-necked Stint","summer",2020,674,6000,600,"National","QWSG; ASMP"
"QLD","Broadsound","Sharp-tailed Sandpiper","summer",2012,300,1300,130,"National","QWSG; ASMP; incidental"
"QLD","Broadsound","Whimbrel","summer",2022,235,900,90,"National","QWSG; ASMP"
"WA","Broadwater (Busselton)","Red-necked Stint","summer",2014,630,6000,600,"National","ASMP"
"WA","Broadwater (Busselton)","Sharp-tailed Sandpiper","summer",2014,887,1300,130,"National","ASMP"
"WA","Broome Beaches","Curlew Sandpiper","summer",2017,300,1200,120,"National","ASMP; incidental"
"WA","Broome Beaches","Great Knot","summer",2018,500,4000,400,"National","ASMP; incidental"
"WA","Broome Beaches","Greater Sand Plover","summer",2017,400,1400,140,"National","ASMP; incidental"
"WA","Broome Beaches","Grey-tailed Tattler","summer",2017,500,800,80,"National","ASMP; incidental"
"WA","Broome Beaches","Siberian Sand Plover","summer",2017,150,260,26,"National","ASMP; incidental"
"WA","Broome Beaches","Red-necked Stint","summer",2016,1034,6000,600,"National","ASMP"
"WA","Broome Beaches","Ruddy Turnstone","summer",2019,30,300,30,"National","ASMP; incidental"
"WA","Broome Beaches","Sanderling","summer",2019,30,300,30,"National","ASMP; incidental"
"WA","Broome Beaches","Terek Sandpiper","summer",2017,150,750,75,"National","ASMP; incidental"
"NSW","Brunswick River Estuary","Latham's Snipe","summer",2015,25,350,18,"National","ASMP"
"QLD","Burdekin River delta","Bar-tailed Godwit","summer",2018,750,3750,375,"National","QWSG; ASMP"
"QLD","Burdekin River delta","Broad-billed Sandpiper","summer",2018,150,450,45,"National","QWSG; ASMP"
"QLD","Burdekin River delta","Curlew Sandpiper","summer",2018,500,1200,120,"National","QWSG; ASMP"
"QLD","Burdekin River delta","Far Eastern Curlew","summer",2019,350,350,35,"International","QWSG; ASMP"
"QLD","Burdekin River delta","Great Knot","summer",2019,4120,4000,400,"International","QWSG; ASMP"
"QLD","Burdekin River delta","Greater Sand Plover","summer",2016,3236,1400,140,"International","QWSG; ASMP"
"QLD","Burdekin River delta","Grey Plover","summer",2019,260,750,75,"National","QWSG; ASMP"
"QLD","Burdekin River delta","Grey-tailed Tattler","summer",2019,670,800,80,"National","QWSG; ASMP"
"QLD","Burdekin River delta","Siberian Sand Plover","summer",2019,2350,260,26,"International","QWSG; ASMP"
"QLD","Burdekin River delta","Red Knot","summer",2019,650,1300,130,"National","QWSG; ASMP"
"QLD","Burdekin River delta","Red-necked Stint","summer",2019,5150,6000,600,"National","QWSG; ASMP"
"QLD","Burdekin River delta","Ruddy Turnstone","summer",2021,34,300,30,"National","QWSG; ASMP"
"QLD","Burdekin River delta","Sanderling","summer",2021,36,300,30,"National","QWSG; ASMP"
"QLD","Burdekin River delta","Sharp-tailed Sandpiper","summer",2019,2000,1300,130,"International","QWSG; ASMP"
"QLD","Burdekin River delta","Terek Sandpiper","summer",2019,680,750,75,"National","QWSG; ASMP"
"QLD","Burdekin River delta","Whimbrel","summer",2019,440,900,90,"National","QWSG; ASMP"
"QLD","Burnett River Estuary","Curlew Sandpiper","summer",2013,173,1200,120,"National","QWSG; ASMP"
"QLD","Burnett River Estuary","Far Eastern Curlew","summer",2017,59,350,35,"National","QWSG; ASMP"
"QLD","Burnett River Estuary","Sharp-tailed Sandpiper","summer",2015,1202,1300,130,"National","QWSG; ASMP"
"QLD","Burrum River Estuary","Far Eastern Curlew","summer",2021,110,350,35,"National","QWSG; ASMP; incidental"
"QLD","Burrum River Estuary","Siberian Sand Plover","summer",2016,60,260,26,"National","QWSG; ASMP"
"QLD","Bustard Bay","Far Eastern Curlew","summer",2011,65,350,35,"National","QWSG; ASMP; incidental"
"QLD","Bustard Bay","Siberian Sand Plover","summer",2011,200,260,26,"National","QWSG; ASMP; incidental"
"QLD","Bustard Bay","Whimbrel","summer",2011,129,900,90,"National","QWSG; ASMP; incidental"
"NSW","Byron","Latham's Snipe","summer",2013,30,350,18,"National","ASMP; incidental"
"QLD","Cairns area","Far Eastern Curlew","summer",2010,52,350,35,"National","QWSG; ASMP"
"QLD","Cairns area","Great Knot","summer",2021,478,4000,400,"National","QWSG; ASMP"
"QLD","Cairns area","Grey-tailed Tattler","summer",2010,243,800,80,"National","QWSG; ASMP"
"QLD","Cairns area","Siberian Sand Plover","summer",2023,109,260,26,"National","QWSG; ASMP"
"QLD","Cairns area","Red-necked Stint","summer",2023,700,6000,600,"National","QWSG; ASMP"
"QLD","Cairns area","Sharp-tailed Sandpiper","summer",2020,800,1300,130,"National","QWSG; ASMP"
"QLD","Cairns area","Whimbrel","summer",2023,606,900,90,"National","QWSG; ASMP"
"WA","Cape Le Grand","Sanderling","summer",2012,30,300,30,"National","ASMP"
"TAS","Cape Portland","Curlew Sandpiper","summer",2015,121,1200,120,"National","ASMP"
"TAS","Cape Portland","Pacific Golden Plover","summer",2010,167,1500,150,"National","ASMP"
"TAS","Cape Portland","Red-necked Stint","summer",2014,1602,6000,600,"National","ASMP"
"TAS","Cape Portland","Ruddy Turnstone","summer",2017,86,300,30,"National","ASMP"
"WA","Cape Villaret to Jacks Creek","Bar-tailed Godwit","summer",2016,1107,3750,375,"National","ASMP"
"WA","Cape Villaret to Jacks Creek","Great Knot","summer",2016,573,4000,400,"National","ASMP"
"WA","Cape Villaret to Jacks Creek","Greater Sand Plover","summer",2016,2503,1400,140,"International","ASMP"
"WA","Cape Villaret to Jacks Creek","Grey-tailed Tattler","summer",2016,264,800,80,"National","ASMP"
"WA","Cape Villaret to Jacks Creek","Ruddy Turnstone","summer",2016,326,300,30,"International","ASMP"
"WA","Cape Villaret to Jacks Creek","Sanderling","summer",2016,453,300,30,"International","ASMP"
"WA","Cape Villaret to Jacks Creek","Whimbrel","summer",2021,170,900,90,"National","ASMP; incidental"
"QLD","Capricornia Cays","Grey-tailed Tattler","summer",2017,255,800,80,"National","QWSG; ASMP"
"QLD","Capricornia Cays","Siberian Sand Plover","summer",2015,59,260,26,"National","QWSG; ASMP; incidental"
"QLD","Capricornia Cays","Ruddy Turnstone","summer",2012,300,300,30,"International","QWSG; ASMP"
"QLD","Capricornia Cays","Wandering Tattler","summer",2015,12,100,10,"National","QWSG; ASMP; incidental"
"QLD","Carmila Beach","Grey-tailed Tattler","summer",2015,97,800,80,"National","QWSG; ASMP; incidental"
"QLD","Carmila Beach","Siberian Sand Plover","summer",2015,80,260,26,"National","QWSG; ASMP; incidental"
"WA","Carnarvon","Bar-tailed Godwit","summer",2011,1270,3750,375,"National","ASMP"
"WA","Carnarvon","Common Greenshank","summer",2012,180,1100,110,"National","ASMP; incidental"
"WA","Carnarvon","Curlew Sandpiper","summer",2010,655,1200,120,"National","ASMP"
"WA","Carnarvon","Far Eastern Curlew","summer",2015,119,350,35,"National","ASMP"
"WA","Carnarvon","Great Knot","summer",2016,668,4000,400,"National","ASMP"
"WA","Carnarvon","Greater Sand Plover","summer",2011,466,1400,140,"National","ASMP"
"WA","Carnarvon","Grey-tailed Tattler","summer",2019,343,800,80,"National","ASMP"
"WA","Carnarvon","Red Knot","summer",2015,263,1300,130,"National","ASMP"
"WA","Carnarvon","Red-necked Stint","summer",2016,2258,6000,600,"National","ASMP"
"WA","Carnarvon","Ruddy Turnstone","summer",2017,48,300,30,"National","ASMP"
"WA","Carnarvon","Sanderling","summer",2016,540,300,30,"International","ASMP"
"WA","Carnarvon","Sharp-tailed Sandpiper","summer",2012,500,1300,130,"National","ASMP; incidental"
"WA","Carnarvon","Whimbrel","summer",2015,242,900,90,"National","ASMP"
"SA","Carpenter Rocks","Red-necked Stint","summer",2017,1735,6000,600,"National","ASMP"
"SA","Carpenter Rocks","Ruddy Turnstone","summer",2014,310,300,30,"International","ASMP"
"SA","Carpenter Rocks","Sanderling","summer",2024,200,300,30,"National","ASMP; incidental"
"QLD","Central Queensland Narrows","Bar-tailed Godwit","summer",2012,862,3750,375,"National","QWSG; ASMP"
"QLD","Central Queensland Narrows","Far Eastern Curlew","summer",2013,407,350,35,"International","QWSG; ASMP"
"QLD","Central Queensland Narrows","Great Knot","summer",2013,707,4000,400,"National","QWSG; ASMP"
"QLD","Central Queensland Narrows","Greater Sand Plover","summer",2016,400,1400,140,"National","QWSG; ASMP; incidental"
"QLD","Central Queensland Narrows","Grey-tailed Tattler","summer",2013,287,800,80,"National","QWSG; ASMP"
"QLD","Central Queensland Narrows","Siberian Sand Plover","summer",2011,1047,260,26,"International","QWSG; ASMP"
"QLD","Central Queensland Narrows","Red Knot","summer",2016,835,1300,130,"National","QWSG; ASMP; incidental"
"QLD","Central Queensland Narrows","Red-necked Stint","summer",2011,4034,6000,600,"National","QWSG; ASMP"
"QLD","Central Queensland Narrows","Sanderling","summer",2012,31,300,30,"National","QWSG; ASMP"
"QLD","Central Queensland Narrows","Sharp-tailed Sandpiper","summer",2016,364,1300,130,"National","QWSG; ASMP; incidental"
"QLD","Central Queensland Narrows","Terek Sandpiper","summer",2012,315,750,75,"National","QWSG; ASMP"
"QLD","Central Queensland Narrows","Whimbrel","summer",2011,1023,900,90,"International","QWSG; ASMP"
"NT","Chambers Bay","Black-tailed Godwit","summer",2012,3002,2300,230,"International","ASMP"
"NT","Chambers Bay","Curlew Sandpiper","summer",2012,407,1200,120,"National","ASMP"
"NT","Chambers Bay","Grey-tailed Tattler","summer",2011,102,800,80,"National","ASMP"
"NT","Chambers Bay","Marsh Sandpiper","summer",2012,155,1300,130,"National","ASMP"
"NT","Chambers Bay","Sharp-tailed Sandpiper","summer",2012,1598,1300,130,"International","ASMP"
"QLD","Chilli Beach","Siberian Sand Plover","summer",2024,30,260,26,"National","QWSG; ASMP; incidental"
"NSW","Clarence River Estuary","Far Eastern Curlew","summer",2015,96,350,35,"National","ASMP"
"QLD","Cleveland Bay","Bar-tailed Godwit","summer",2011,452,3750,375,"National","QWSG; ASMP"
"QLD","Cleveland Bay","Far Eastern Curlew","summer",2013,193,350,35,"National","QWSG; ASMP; incidental"
"QLD","Cleveland Bay","Great Knot","summer",2012,4000,4000,400,"International","QWSG; ASMP"
"QLD","Cleveland Bay","Greater Sand Plover","summer",2012,600,1400,140,"National","QWSG; ASMP"
"QLD","Cleveland Bay","Grey-tailed Tattler","summer",2023,91,800,80,"National","QWSG; ASMP; incidental"
"QLD","Cleveland Bay","Siberian Sand Plover","summer",2020,290,260,26,"International","QWSG; ASMP; incidental"
"QLD","Cleveland Bay","Red Knot","summer",2010,350,1300,130,"National","QWSG; ASMP"
"QLD","Cleveland Bay","Red-necked Stint","summer",2010,1069,6000,600,"National","QWSG; ASMP"
"QLD","Cleveland Bay","Sharp-tailed Sandpiper","summer",2024,400,1300,130,"National","QWSG; ASMP; incidental"
"QLD","Cleveland Bay","Whimbrel","summer",2018,235,900,90,"National","QWSG; ASMP; incidental"
"WA","Coast north of Eighty Mile","Bar-tailed Godwit","summer",2016,681,3750,375,"National","ASMP"
"WA","Coast north of Eighty Mile","Far Eastern Curlew","summer",2016,86,350,35,"National","ASMP"
"WA","Coast north of Eighty Mile","Great Knot","summer",2016,820,4000,400,"National","ASMP"
"WA","Coast north of Eighty Mile","Greater Sand Plover","summer",2016,1114,1400,140,"National","ASMP"
"WA","Coast north of Eighty Mile","Grey Plover","summer",2016,166,750,75,"National","ASMP"
"WA","Coast north of Eighty Mile","Grey-tailed Tattler","summer",2016,332,800,80,"National","ASMP"
"WA","Coast north of Eighty Mile","Little Curlew","summer",2016,149,1100,110,"National","ASMP"
"WA","Coast north of Eighty Mile","Oriental Plover","summer",2016,380,2300,230,"National","ASMP"
"WA","Coast north of Eighty Mile","Red-necked Stint","summer",2016,699,6000,600,"National","ASMP"
"WA","Coast north of Eighty Mile","Ruddy Turnstone","summer",2016,104,300,30,"National","ASMP"
"WA","Coast north of Eighty Mile","Sanderling","summer",2016,102,300,30,"National","ASMP"
"WA","Coast north of Eighty Mile","Whimbrel","summer",2016,347,900,90,"National","ASMP"
"SA","Coffin Bay","Grey Plover","summer",2020,158,750,75,"National","ASMP"
"SA","Coffin Bay","Red Knot","summer",2020,297,1300,130,"National","ASMP"
"SA","Coffin Bay","Red-necked Stint","summer",2020,949,6000,600,"National","ASMP"
"SA","Coffin Bay","Ruddy Turnstone","summer",2020,113,300,30,"National","ASMP"
"SA","Coffin Bay","Sanderling","summer",2024,365,300,30,"International","ASMP"
"SA","Coffin Bay","Sharp-tailed Sandpiper","summer",2010,130,1300,130,"National","ASMP"
"QLD","Colosseum Inlet","Bar-tailed Godwit","summer",2012,571,3750,375,"National","QWSG; ASMP"
"QLD","Colosseum Inlet","Far Eastern Curlew","summer",2011,364,350,35,"International","QWSG; ASMP"
"QLD","Colosseum Inlet","Grey-tailed Tattler","summer",2013,307,800,80,"National","QWSG; ASMP"
"QLD","Colosseum Inlet","Siberian Sand Plover","summer",2020,440,260,26,"International","QWSG; ASMP"
"QLD","Colosseum Inlet","Ruddy Turnstone","summer",2011,53,300,30,"National","QWSG; ASMP"
"QLD","Colosseum Inlet","Terek Sandpiper","summer",2012,151,750,75,"National","QWSG; ASMP"
"QLD","Colosseum Inlet","Whimbrel","summer",2011,386,900,90,"National","QWSG; ASMP"
"SA","Coorong","Common Greenshank","summer",2017,311,1100,110,"National","ASMP"
"SA","Coorong","Curlew Sandpiper","summer",2017,2443,1200,120,"International","ASMP"
"SA","Coorong","Red-necked Stint","summer",2018,25498,6000,600,"International","ASMP"
"SA","Coorong","Sanderling","summer",2021,868,300,30,"International","ASMP"
"SA","Coorong","Sharp-tailed Sandpiper","summer",2012,14222,1300,130,"International","ASMP"
"WA","Coral Bay","Oriental Plover","summer",2017,480,2300,230,"National","ASMP"
"WA","Coral Bay","Sanderling","summer",2017,125,300,30,"National","ASMP"
"QLD","Corio Bay","Bar-tailed Godwit","summer",2024,432,3750,375,"National","QWSG; ASMP"
"QLD","Corio Bay","Far Eastern Curlew","summer",2017,186,350,35,"National","QWSG; ASMP; incidental"
"QLD","Corio Bay","Great Knot","summer",2024,413,4000,400,"National","QWSG; ASMP"
"QLD","Corio Bay","Greater Sand Plover","summer",2022,547,1400,140,"National","QWSG; ASMP"
"QLD","Corio Bay","Grey-tailed Tattler","summer",2023,151,800,80,"National","QWSG; ASMP"
"QLD","Corio Bay","Siberian Sand Plover","summer",2023,750,260,26,"International","QWSG; ASMP"
"QLD","Corio Bay","Sanderling","summer",2021,40,300,30,"National","QWSG; ASMP; incidental"
"QLD","Corio Bay","Whimbrel","summer",2010,181,900,90,"National","QWSG; ASMP; incidental"
"VIC","Corner Inlet","Bar-tailed Godwit","summer",2021,12863,3750,375,"International","ASMP"
"VIC","Corner Inlet","Common Greenshank","summer",2021,131,1100,110,"National","ASMP"
"VIC","Corner Inlet","Curlew Sandpiper","summer",2019,1005,1200,120,"National","ASMP"
"VIC","Corner Inlet","Far Eastern Curlew","summer",2011,510,350,35,"International","ASMP"
"VIC","Corner Inlet","Grey Plover","summer",2016,472,750,75,"National","ASMP"
"VIC","Corner Inlet","Red Knot","summer",2021,2623,1300,130,"International","ASMP"
"VIC","Corner Inlet","Red-necked Stint","summer",2022,19954,6000,600,"International","ASMP"
"VIC","Corner Inlet","Ruddy Turnstone","summer",2024,45,300,30,"National","ASMP; incidental"
"VIC","Corner Inlet","Sanderling","summer",2019,1366,300,30,"International","ASMP"
"VIC","Corner Inlet","Sharp-tailed Sandpiper","summer",2015,1000,1300,130,"National","ASMP; incidental"
"VIC","Corner Inlet","Whimbrel","summer",2012,100,900,90,"National","ASMP; incidental"
"VIC","Corop Region","Sharp-tailed Sandpiper","summer",2015,2500,1300,130,"International","ASMP; incidental"
"WA","Dampier Peninsula","Greater Sand Plover","summer",2016,256,1400,140,"National","ASMP"
"WA","Dampier Peninsula","Grey-tailed Tattler","summer",2016,123,800,80,"National","ASMP"
"WA","Dampier Peninsula","Siberian Sand Plover","summer",2023,113,260,26,"National","ASMP; incidental"
"WA","Dampier Peninsula","Ruddy Turnstone","summer",2016,54,300,30,"National","ASMP"
"WA","Dampier Peninsula","Sanderling","summer",2016,38,300,30,"National","ASMP"
"WA","Dampier Saltworks","Curlew Sandpiper","summer",2018,1941,1200,120,"International","ASMP"
"WA","Dampier Saltworks","Greater Sand Plover","summer",2023,2700,1400,140,"International","ASMP; incidental"
"WA","Dampier Saltworks","Siberian Sand Plover","summer",2021,1564,260,26,"International","ASMP"
"WA","Dampier Saltworks","Red-necked Stint","summer",2019,8089,6000,600,"International","ASMP"
"WA","Dampier Saltworks","Ruddy Turnstone","summer",2017,59,300,30,"National","ASMP"
"WA","Dampier Saltworks","Sharp-tailed Sandpiper","summer",2019,1343,1300,130,"International","ASMP"
"WA","Dampier Saltworks","Whimbrel","summer",2017,103,900,90,"National","ASMP"
"NT","Darwin Central","Sharp-tailed Sandpiper","summer",2010,258,1300,130,"National","ASMP"
"NT","Darwin Harbour","Far Eastern Curlew","summer",2018,292,350,35,"National","ASMP"
"NT","Darwin Harbour","Greater Sand Plover","summer",2021,440,1400,140,"National","ASMP"
"NT","Darwin Harbour","Grey-tailed Tattler","summer",2022,230,800,80,"National","ASMP"
"NT","Darwin Harbour","Sharp-tailed Sandpiper","summer",2021,338,1300,130,"National","ASMP"
"NT","Darwin Harbour","Terek Sandpiper","summer",2020,166,750,75,"National","ASMP"
"NT","Darwin Harbour","Whimbrel","summer",2017,337,900,90,"National","ASMP"
"TAS","Devonport","Ruddy Turnstone","summer",2017,99,300,30,"National","ASMP"
"VIC","Discovery Bay to Glenelg River","Red-necked Stint","summer",2017,1000,6000,600,"National","ASMP"
"VIC","Discovery Bay to Glenelg River","Sanderling","summer",2022,1500,300,30,"International","ASMP; incidental"
"VIC","Discovery Bay to Glenelg River","Sharp-tailed Sandpiper","summer",2019,201,1300,130,"National","ASMP"
"VIC","East Port Phillip","Latham's Snipe","summer",2021,122,350,18,"National","Latham's Snipe Project; ASMP"
"VIC","East Port Phillip","Red-necked Stint","summer",2014,2800,6000,600,"National","ASMP"
"VIC","East Port Phillip","Sharp-tailed Sandpiper","summer",2019,3720,1300,130,"International","ASMP"
"SA","East Yorke Peninsula","Common Greenshank","summer",2010,143,1100,110,"National","ASMP"
"SA","East Yorke Peninsula","Red-necked Stint","summer",2014,1513,6000,600,"National","ASMP"
"SA","East Yorke Peninsula","Ruddy Turnstone","summer",2011,76,300,30,"National","ASMP"
"SA","East Yorke Peninsula","Sharp-tailed Sandpiper","summer",2021,428,1300,130,"National","ASMP"
"WA","Eighty Mile Beach","Bar-tailed Godwit","summer",2013,63456,3750,375,"International","MYSMA counts"
"WA","Eighty Mile Beach","Black-tailed Godwit","summer",2012,655,2300,230,"National","MYSMA counts"
"WA","Eighty Mile Beach","Broad-billed Sandpiper","summer",2012,234,450,45,"National","MYSMA counts"
"WA","Eighty Mile Beach","Common Greenshank","summer",2015,4046,1100,110,"International","MYSMA counts"
"WA","Eighty Mile Beach","Curlew Sandpiper","summer",2013,4407,1200,120,"International","MYSMA counts"
"WA","Eighty Mile Beach","Far Eastern Curlew","summer",2016,930,350,35,"International","MYSMA counts"
"WA","Eighty Mile Beach","Great Knot","summer",2013,136377,4000,400,"International","MYSMA counts"
"WA","Eighty Mile Beach","Greater Sand Plover","summer",2013,42166,1400,140,"International","MYSMA counts"
"WA","Eighty Mile Beach","Grey Plover","summer",2016,1272,750,75,"International","MYSMA counts"
"WA","Eighty Mile Beach","Grey-tailed Tattler","summer",2013,15704,800,80,"International","MYSMA counts"
"WA","Eighty Mile Beach","Siberian Sand Plover","summer",2020,500,260,26,"International","MYSMA counts; incidental"
"WA","Eighty Mile Beach","Little Curlew","summer",2010,14200,1100,110,"International","MYSMA counts; Piersma & Hassell 2010"
"WA","Eighty Mile Beach","Marsh Sandpiper","summer",2012,263,1300,130,"National","MYSMA counts"
"WA","Eighty Mile Beach","Oriental Plover","summer",2010,144300,2300,230,"International","MYSMA counts; Piersma & Hassell 2010"
"WA","Eighty Mile Beach","Oriental Pratincole","summer",2010,520000,28800,2880,"International","MYSMA counts; Piersma & Hassell 2010"
"WA","Eighty Mile Beach","Pacific Golden Plover","summer",2016,151,1500,150,"National","MYSMA counts"
"WA","Eighty Mile Beach","Red Knot","summer",2013,32923,1300,130,"International","MYSMA counts"
"WA","Eighty Mile Beach","Red-necked Stint","summer",2010,33840,6000,600,"International","MYSMA counts"
"WA","Eighty Mile Beach","Ruddy Turnstone","summer",2016,1996,300,30,"International","MYSMA counts"
"WA","Eighty Mile Beach","Sanderling","summer",2016,3362,300,30,"International","MYSMA counts"
"WA","Eighty Mile Beach","Sharp-tailed Sandpiper","summer",2011,582,1300,130,"National","MYSMA counts"
"WA","Eighty Mile Beach","Terek Sandpiper","summer",2013,7524,750,75,"International","MYSMA counts"
"WA","Eighty Mile Beach","Whimbrel","summer",2016,696,900,90,"National","MYSMA counts"
"NT","Elcho Island","Bar-tailed Godwit","summer",2011,2002,3750,375,"National","Chatto (2012)"
"NT","Elcho Island","Black-tailed Godwit","summer",2011,500,2300,230,"National","Chatto (2012)"
"NT","Elcho Island","Great Knot","summer",2012,4201,4000,400,"International","Chatto (2012)"
"NT","Elcho Island","Greater Sand Plover","summer",2012,499,1400,140,"National","Chatto (2012)"
"NT","Elcho Island","Red Knot","summer",2012,302,1300,130,"National","Chatto (2012)"
"QLD","Elim Beach","Greater Sand Plover","summer",2014,150,1400,140,"National","QWSG; ASMP; incidental"
"QLD","Elim Beach","Grey-tailed Tattler","summer",2014,80,800,80,"National","QWSG; ASMP; incidental"
"QLD","Elliott River Estuary","Far Eastern Curlew","summer",2011,84,350,35,"National","QWSG; ASMP"
"QLD","Elliott River Estuary","Siberian Sand Plover","summer",2022,80,260,26,"National","QWSG; ASMP; incidental"
"QLD","Elliott River Estuary","Ruddy Turnstone","summer",2022,30,300,30,"National","QWSG; ASMP; incidental"
"QLD","Elliott River Estuary","Whimbrel","summer",2012,99,900,90,"National","QWSG; ASMP"
"WA","Esperance","Sanderling","summer",2021,113,300,30,"National","ASMP"
"WA","Exmouth Gulf","Bar-tailed Godwit","summer",2018,3329,3750,375,"National","ASMP"
"WA","Exmouth Gulf","Common Greenshank","summer",2024,304,1100,110,"National","ASMP"
"WA","Exmouth Gulf","Curlew Sandpiper","summer",2019,354,1200,120,"National","ASMP; incidental"
"WA","Exmouth Gulf","Far Eastern Curlew","summer",2018,429,350,35,"International","ASMP"
"WA","Exmouth Gulf","Great Knot","summer",2018,1924,4000,400,"National","ASMP"
"WA","Exmouth Gulf","Greater Sand Plover","summer",2018,1571,1400,140,"International","ASMP"
"WA","Exmouth Gulf","Grey Plover","summer",2018,86,750,75,"National","ASMP"
"WA","Exmouth Gulf","Grey-tailed Tattler","summer",2018,2199,800,80,"International","ASMP"
"WA","Exmouth Gulf","Siberian Sand Plover","summer",2018,354,260,26,"International","ASMP"
"WA","Exmouth Gulf","Oriental Plover","summer",2021,299,2300,230,"National","ASMP"
"WA","Exmouth Gulf","Red-necked Stint","summer",2018,2408,6000,600,"National","ASMP"
"WA","Exmouth Gulf","Ruddy Turnstone","summer",2018,392,300,30,"International","ASMP"
"WA","Exmouth Gulf","Sanderling","summer",2018,284,300,30,"National","ASMP"
"WA","Exmouth Gulf","Terek Sandpiper","summer",2018,180,750,75,"National","ASMP"
"WA","Exmouth Gulf","Whimbrel","summer",2018,356,900,90,"National","ASMP"
"SA","Eyre Island","Bar-tailed Godwit","summer",2012,410,3750,375,"National","ASMP"
"SA","Eyre Island","Common Greenshank","summer",2012,176,1100,110,"National","ASMP"
"SA","Eyre Island","Curlew Sandpiper","summer",2015,303,1200,120,"National","ASMP"
"SA","Eyre Island","Grey Plover","summer",2011,323,750,75,"National","ASMP"
"SA","Eyre Island","Red Knot","summer",2011,365,1300,130,"National","ASMP"
"SA","Eyre Island","Red-necked Stint","summer",2010,2004,6000,600,"National","ASMP"
"SA","Eyre Island","Ruddy Turnstone","summer",2021,176,300,30,"National","ASMP"
"SA","Eyre Island","Sanderling","summer",2013,306,300,30,"International","ASMP"
"SA","Eyre Island","Sharp-tailed Sandpiper","summer",2012,470,1300,130,"National","ASMP"
"VIC","Fitzroy River Mouth","Red-necked Stint","summer",2016,858,6000,600,"National","ASMP"
"VIC","Fitzroy River Mouth","Sanderling","summer",2022,400,300,30,"International","ASMP; incidental"
"VIC","Fitzroy River Mouth","Sharp-tailed Sandpiper","summer",2015,620,1300,130,"National","ASMP"
"NSW","Fivebough Swamp","Sharp-tailed Sandpiper","summer",2014,2800,1300,130,"International","ASMP"
"VIC","Flinders","Ruddy Turnstone","summer",2017,36,300,30,"National","ASMP"
"TAS","Flinders Island","Red-necked Stint","summer",2024,3400,6000,600,"National","ASMP; incidental"
"NT","Fog Bay","Bar-tailed Godwit","summer",2012,1103,3750,375,"National","Chatto (2012)"
"NT","Fog Bay","Black-tailed Godwit","summer",2011,2811,2300,230,"International","Chatto (2012)"
"NT","Fog Bay","Far Eastern Curlew","summer",2011,68,350,35,"National","Chatto (2012)"
"NT","Fog Bay","Great Knot","summer",2012,1500,4000,400,"National","Chatto (2012)"
"NT","Fog Bay","Greater Sand Plover","summer",2024,280,1400,140,"National","Chatto (2012); incidental"
"NT","Fog Bay","Grey-tailed Tattler","summer",2011,98,800,80,"National","Chatto (2012)"
"NT","Fog Bay","Siberian Sand Plover","summer",2012,101,260,26,"National","Chatto (2012)"
"NT","Fog Bay","Ruddy Turnstone","summer",2011,39,300,30,"National","Chatto (2012)"
"NT","Fog Bay","Terek Sandpiper","summer",2024,450,750,75,"National","Chatto (2012); incidental"
"WA","Forrestdale Lake","Sharp-tailed Sandpiper","summer",2020,200,1300,130,"National","ASMP; incidental"
"SA","Fox and Pub Lakes","Latham's Snipe","summer",2010,178,350,18,"National","Latham's Snipe Project; ASMP; incidental"
"SA","Franklin Harbor","Grey Plover","summer",2021,109,750,75,"National","ASMP"
"SA","Franklin Harbor","Red-necked Stint","summer",2015,1210,6000,600,"National","ASMP"
"SA","Franklin Harbor","Sharp-tailed Sandpiper","summer",2010,483,1300,130,"National","ASMP"
"WA","Garden Island","Sanderling","summer",2020,32,300,30,"National","ASMP; incidental"
"TAS","George Town Reserve","Ruddy Turnstone","summer",2010,69,300,30,"National","ASMP"
"TAS","Georges Bay","Red-necked Stint","summer",2022,1000,6000,600,"National","ASMP"
"TAS","Georges Bay","Ruddy Turnstone","summer",2010,39,300,30,"National","ASMP"
"TAS","Georges Bay","Sanderling","summer",2024,220,300,30,"National","ASMP; incidental"
"WA","Geraldton","Ruddy Turnstone","summer",2020,115,300,30,"National","ASMP"
"WA","Geraldton","Sanderling","summer",2013,358,300,30,"International","ASMP"
"VIC","Gippsland Lakes","Latham's Snipe","summer",2022,101,350,18,"National","Latham's Snipe Project; ASMP; incidental"
"VIC","Gippsland Lakes","Red-necked Stint","summer",2011,3800,6000,600,"National","ASMP; incidental"
"VIC","Gippsland Lakes","Sharp-tailed Sandpiper","summer",2013,600,1300,130,"National","ASMP; incidental"
"QLD","Gladstone","Bar-tailed Godwit","summer",2010,1006,3750,375,"National","QWSG; ASMP"
"QLD","Gladstone","Far Eastern Curlew","summer",2011,404,350,35,"International","QWSG; ASMP"
"QLD","Gladstone","Grey-tailed Tattler","summer",2011,380,800,80,"National","QWSG; ASMP"
"QLD","Gladstone","Siberian Sand Plover","summer",2024,214,260,26,"National","QWSG; ASMP"
"QLD","Gladstone","Sharp-tailed Sandpiper","summer",2024,155,1300,130,"National","QWSG; ASMP"
"QLD","Gladstone","Terek Sandpiper","summer",2012,196,750,75,"National","QWSG; ASMP"
"QLD","Gladstone","Wandering Tattler","summer",2010,23,100,10,"National","QWSG; ASMP"
"QLD","Gladstone","Whimbrel","summer",2011,432,900,90,"National","QWSG; ASMP"
"WA","Gordon Inlet","Sanderling","summer",2012,200,300,30,"National","ASMP"
"QLD","Great Sandy Strait","Bar-tailed Godwit","summer",2010,10816,3750,375,"International","QWSG; ASMP"
"QLD","Great Sandy Strait","Common Greenshank","summer",2010,383,1100,110,"National","QWSG; ASMP"
"QLD","Great Sandy Strait","Curlew Sandpiper","summer",2011,250,1200,120,"National","QWSG; ASMP"
"QLD","Great Sandy Strait","Far Eastern Curlew","summer",2010,1057,350,35,"International","QWSG; ASMP"
"QLD","Great Sandy Strait","Great Knot","summer",2023,2445,4000,400,"National","QWSG; ASMP"
"QLD","Great Sandy Strait","Greater Sand Plover","summer",2012,914,1400,140,"National","QWSG; ASMP"
"QLD","Great Sandy Strait","Grey Plover","summer",2015,134,750,75,"National","QWSG; ASMP"
"QLD","Great Sandy Strait","Grey-tailed Tattler","summer",2016,1738,800,80,"International","QWSG; ASMP"
"QLD","Great Sandy Strait","Siberian Sand Plover","summer",2018,1300,260,26,"International","QWSG; ASMP"
"QLD","Great Sandy Strait","Pacific Golden Plover","summer",2018,175,1500,150,"National","QWSG; ASMP"
"QLD","Great Sandy Strait","Red Knot","summer",2015,810,1300,130,"National","QWSG; ASMP"
"QLD","Great Sandy Strait","Red-necked Stint","summer",2015,1515,6000,600,"National","QWSG; ASMP"
"QLD","Great Sandy Strait","Ruddy Turnstone","summer",2018,85,300,30,"National","QWSG; ASMP"
"QLD","Great Sandy Strait","Sanderling","summer",2020,45,300,30,"National","QWSG; ASMP; incidental"
"QLD","Great Sandy Strait","Sharp-tailed Sandpiper","summer",2020,318,1300,130,"National","QWSG; ASMP"
"QLD","Great Sandy Strait","Terek Sandpiper","summer",2016,629,750,75,"National","QWSG; ASMP"
"QLD","Great Sandy Strait","Whimbrel","summer",2012,1177,900,90,"International","QWSG; ASMP"
"WA","Green Head","Ruddy Turnstone","summer",2021,84,300,30,"National","ASMP"
"SA","Guichen Bay","Ruddy Turnstone","summer",2021,117,300,30,"National","ASMP; incidental"
"SA","Gulf St Vincent","Bar-tailed Godwit","summer",2012,1000,3750,375,"National","ASMP; incidental"
"SA","Gulf St Vincent","Common Greenshank","summer",2023,398,1100,110,"National","ASMP"
"SA","Gulf St Vincent","Curlew Sandpiper","summer",2024,948,1200,120,"National","ASMP"
"SA","Gulf St Vincent","Far Eastern Curlew","summer",2023,127,350,35,"National","ASMP"
"SA","Gulf St Vincent","Great Knot","summer",2011,800,4000,400,"National","ASMP"
"SA","Gulf St Vincent","Grey Plover","summer",2022,388,750,75,"National","ASMP"
"SA","Gulf St Vincent","Red Knot","summer",2018,7586,1300,130,"International","ASMP"
"SA","Gulf St Vincent","Red-necked Stint","summer",2023,12779,6000,600,"International","ASMP"
"SA","Gulf St Vincent","Ruddy Turnstone","summer",2017,293,300,30,"National","ASMP"
"SA","Gulf St Vincent","Sanderling","summer",2020,129,300,30,"National","ASMP; incidental"
"SA","Gulf St Vincent","Sharp-tailed Sandpiper","summer",2022,2815,1300,130,"International","ASMP"
"SA","Gunyah Beach","Sanderling","summer",2014,1228,300,30,"International","ASMP"
"VIC","Hamilton","Red-necked Stint","summer",2013,2510,6000,600,"National","ASMP"
"VIC","Hamilton","Sharp-tailed Sandpiper","summer",2010,4000,1300,130,"International","ASMP"
"NSW","Hastings River","Far Eastern Curlew","summer",2011,62,350,35,"National","ASMP"
"NSW","Hastings River","Pacific Golden Plover","summer",2012,151,1500,150,"National","ASMP"
"NSW","Hunter Estuary","Bar-tailed Godwit","summer",2010,1091,3750,375,"National","ASMP"
"NSW","Hunter Estuary","Common Greenshank","summer",2017,196,1100,110,"National","ASMP; incidental"
"NSW","Hunter Estuary","Curlew Sandpiper","summer",2018,320,1200,120,"National","ASMP; incidental"
"NSW","Hunter Estuary","Far Eastern Curlew","summer",2010,387,350,35,"International","ASMP"
"NSW","Hunter Estuary","Latham's Snipe","summer",2022,205,350,18,"National","Latham's Snipe Project; ASMP; incidental"
"NSW","Hunter Estuary","Pacific Golden Plover","summer",2014,522,1500,150,"National","ASMP"
"NSW","Hunter Estuary","Red Knot","summer",2012,1000,1300,130,"National","ASMP; incidental"
"NSW","Hunter Estuary","Ruddy Turnstone","summer",2022,50,300,30,"National","ASMP; incidental"
"NSW","Hunter Estuary","Sharp-tailed Sandpiper","summer",2016,6408,1300,130,"International","ASMP"
"QLD","Ince Bay","Far Eastern Curlew","summer",2018,157,350,35,"National","QWSG; ASMP"
"QLD","Ince Bay","Great Knot","summer",2018,1040,4000,400,"National","QWSG; ASMP"
"QLD","Ince Bay","Greater Sand Plover","summer",2018,300,1400,140,"National","QWSG; ASMP"
"QLD","Ince Bay","Grey-tailed Tattler","summer",2018,311,800,80,"National","QWSG; ASMP"
"QLD","Ince Bay","Siberian Sand Plover","summer",2015,254,260,26,"National","QWSG; ASMP"
"QLD","Ince Bay","Red-necked Stint","summer",2018,766,6000,600,"National","QWSG; ASMP"
"QLD","Ince Bay","Ruddy Turnstone","summer",2023,32,300,30,"National","QWSG; ASMP"
"QLD","Ince Bay","Whimbrel","summer",2018,167,900,90,"National","QWSG; ASMP"
"WA","Israelite Bay","Sanderling","summer",2016,100,300,30,"National","ASMP"
"VIC","Jack Smith Lake","Sharp-tailed Sandpiper","summer",2017,292,1300,130,"National","ASMP"
"NT","Kakadu National Park","Bar-tailed Godwit","summer",2016,474,3750,375,"National","ASMP"
"NT","Kakadu National Park","Black-tailed Godwit","summer",2016,350,2300,230,"National","ASMP; incidental"
"NT","Kakadu National Park","Common Greenshank","summer",2016,469,1100,110,"National","ASMP"
"NT","Kakadu National Park","Curlew Sandpiper","summer",2016,255,1200,120,"National","ASMP"
"NT","Kakadu National Park","Far Eastern Curlew","summer",2016,163,350,35,"National","ASMP"
"NT","Kakadu National Park","Great Knot","summer",2016,1539,4000,400,"National","ASMP"
"NT","Kakadu National Park","Greater Sand Plover","summer",2016,1829,1400,140,"International","ASMP"
"NT","Kakadu National Park","Grey Plover","summer",2016,174,750,75,"National","ASMP"
"NT","Kakadu National Park","Grey-tailed Tattler","summer",2016,917,800,80,"International","ASMP"
"NT","Kakadu National Park","Siberian Sand Plover","summer",2016,1390,260,26,"International","ASMP"
"NT","Kakadu National Park","Little Curlew","summer",2018,200,1100,110,"National","ASMP; incidental"
"NT","Kakadu National Park","Marsh Sandpiper","summer",2018,150,1300,130,"National","ASMP; incidental"
"NT","Kakadu National Park","Red Knot","summer",2016,132,1300,130,"National","ASMP"
"NT","Kakadu National Park","Red-necked Stint","summer",2016,2307,6000,600,"National","ASMP"
"NT","Kakadu National Park","Ruddy Turnstone","summer",2016,47,300,30,"National","ASMP"
"NT","Kakadu National Park","Sharp-tailed Sandpiper","summer",2016,1096,1300,130,"National","ASMP"
"NT","Kakadu National Park","Terek Sandpiper","summer",2016,1191,750,75,"International","ASMP"
"NT","Kakadu National Park","Whimbrel","summer",2016,151,900,90,"National","ASMP"
"SA","Kangaroo Island","Red-necked Stint","summer",2011,974,6000,600,"National","ASMP"
"SA","Kangaroo Island","Ruddy Turnstone","summer",2012,129,300,30,"National","ASMP"
"SA","Kangaroo Island","Sharp-tailed Sandpiper","summer",2013,800,1300,130,"National","ASMP"
"WA","Karratha","Bar-tailed Godwit","summer",2014,400,3750,375,"National","ASMP; incidental"
"WA","Karratha","Far Eastern Curlew","summer",2014,35,350,35,"National","ASMP; incidental"
"WA","Karratha","Greater Sand Plover","summer",2014,200,1400,140,"National","ASMP; incidental"
"WA","Karratha","Grey-tailed Tattler","summer",2013,108,800,80,"National","ASMP; incidental"
"WA","Karratha","Siberian Sand Plover","summer",2022,28,260,26,"National","ASMP; incidental"
"QLD","Karumba Plains","Little Curlew","summer",2013,3159,1100,110,"International","QWSG; ASMP"
"QLD","Karumba Plains","Sharp-tailed Sandpiper","summer",2013,1363,1300,130,"International","QWSG; ASMP"
"TAS","Kelso, Tamar Estuary","Ruddy Turnstone","summer",2012,40,300,30,"National","ASMP"
"QLD","Keppel Sands","Great Knot","summer",2010,2220,4000,400,"National","QWSG; ASMP"
"QLD","Keppel Sands","Siberian Sand Plover","summer",2010,56,260,26,"National","QWSG; ASMP"
"VIC","Kerang Lakes","Curlew Sandpiper","summer",2015,133,1200,120,"National","ASMP"
"VIC","Kerang Lakes","Sharp-tailed Sandpiper","summer",2016,850,1300,130,"National","ASMP; incidental"
"TAS","King Island","Ruddy Turnstone","summer",2010,890,300,30,"International","VWSG King Island Ruddy Turnstone Census"
"TAS","King Island","Sanderling","summer",2014,40,300,30,"National","ASMP"
"TAS","King Island","Sharp-tailed Sandpiper","summer",2010,200,1300,130,"National","ASMP"
"QLD","Kinka Beach","Siberian Sand Plover","summer",2024,130,260,26,"National","QWSG; ASMP"
"SA","Lake Alexandrina & Lake Albert","Common Greenshank","summer",2010,198,1100,110,"National","MDBA (2019); ASMP"
"SA","Lake Alexandrina & Lake Albert","Curlew Sandpiper","summer",2010,1018,1200,120,"National","MDBA (2019); ASMP"
"SA","Lake Alexandrina & Lake Albert","Red-necked Stint","summer",2010,30435,6000,600,"International","MDBA (2019); ASMP"
"SA","Lake Alexandrina & Lake Albert","Sharp-tailed Sandpiper","summer",2010,11299,1300,130,"International","MDBA (2019); ASMP"
"SA","Lake Bonney SE","Common Greenshank","summer",2020,114,1100,110,"National","ASMP"
"SA","Lake Bonney SE","Red-necked Stint","summer",2021,6277,6000,600,"International","ASMP"
"SA","Lake Bonney SE","Sharp-tailed Sandpiper","summer",2020,2221,1300,130,"International","ASMP"
"VIC","Lake Burrumbeet","Latham's Snipe","summer",2024,20,350,18,"National","ASMP; incidental"
"VIC","Lake Burrumbeet","Sharp-tailed Sandpiper","summer",2022,200,1300,130,"National","ASMP; incidental"
"VIC","Lake Connewarre and Barwon River Estuary","Common Greenshank","summer",2010,145,1100,110,"National","ASMP"
"VIC","Lake Connewarre and Barwon River Estuary","Curlew Sandpiper","summer",2010,1556,1200,120,"International","ASMP"
"VIC","Lake Connewarre and Barwon River Estuary","Latham's Snipe","summer",2018,54,350,18,"National","Latham's Snipe Project; ASMP; incidental"
"VIC","Lake Connewarre and Barwon River Estuary","Red-necked Stint","summer",2024,3615,6000,600,"National","ASMP; incidental"
"VIC","Lake Connewarre and Barwon River Estuary","Sharp-tailed Sandpiper","summer",2021,6110,1300,130,"International","ASMP"
"VIC","Lake Corangamite area","Curlew Sandpiper","summer",2018,2085,1200,120,"International","ASMP"
"VIC","Lake Corangamite area","Latham's Snipe","summer",2022,59,350,18,"National","Latham's Snipe Project; ASMP; incidental"
"VIC","Lake Corangamite area","Red-necked Stint","summer",2018,6745,6000,600,"International","ASMP"
"VIC","Lake Corangamite area","Sharp-tailed Sandpiper","summer",2020,9810,1300,130,"International","ASMP"
"VIC","Lake Elingamite","Sharp-tailed Sandpiper","summer",2019,478,1300,130,"National","ASMP"
"SA","Lake Eliza","Curlew Sandpiper","summer",2011,135,1200,120,"National","ASMP"
"SA","Lake Eliza","Red-necked Stint","summer",2011,2903,6000,600,"National","ASMP"
"SA","Lake George, SA","Curlew Sandpiper","summer",2010,180,1200,120,"National","ASMP"
"SA","Lake George, SA","Red-necked Stint","summer",2014,9436,6000,600,"International","ASMP"
"SA","Lake George, SA","Sharp-tailed Sandpiper","summer",2024,5065,1300,130,"International","ASMP"
"VIC","Lake Goldsmith","Curlew Sandpiper","summer",2024,146,1200,120,"National","ASMP"
"VIC","Lake Goldsmith","Latham's Snipe","summer",2022,39,350,18,"National","Latham's Snipe Project; ASMP; incidental"
"VIC","Lake Goldsmith","Red-necked Stint","summer",2024,1360,6000,600,"National","ASMP; incidental"
"VIC","Lake Goldsmith","Sharp-tailed Sandpiper","summer",2020,2200,1300,130,"International","ASMP"
"WA","Lake Gore","Sharp-tailed Sandpiper","summer",2015,226,1300,130,"National","ASMP"
"SA","Lake Hawdon","Red-necked Stint","summer",2011,2070,6000,600,"National","ASMP"
"SA","Lake Hawdon","Sharp-tailed Sandpiper","summer",2019,16430,1300,130,"International","ASMP"
"NSW","Lake Illawarra","Latham's Snipe","summer",2010,26,350,18,"National","ASMP"
"NSW","Lake Illawarra","Sharp-tailed Sandpiper","summer",2010,150,1300,130,"National","ASMP"
"VIC","Lake Learmonth","Latham's Snipe","summer",2022,96,350,18,"National","Latham's Snipe Project; ASMP; incidental"
"VIC","Lake Learmonth","Sharp-tailed Sandpiper","summer",2021,150,1300,130,"National","ASMP; incidental"
"VIC","Lake Lorne","Latham's Snipe","summer",2015,22,350,18,"National","ASMP; incidental"
"SA","Lake Macdonnel","Red-necked Stint","summer",2024,792,6000,600,"National","ASMP"
"SA","Lake Macdonnel","Ruddy Turnstone","summer",2024,173,300,30,"National","ASMP"
"SA","Lake Macdonnel","Sanderling","summer",2024,180,300,30,"National","ASMP"
"NSW","Lake Macquarie","Sharp-tailed Sandpiper","summer",2024,2500,1300,130,"International","ASMP"
"VIC","Lake Murdeduke","Curlew Sandpiper","summer",2017,800,1200,120,"National","ASMP; incidental"
"VIC","Lake Murdeduke","Pacific Golden Plover","summer",2023,244,1500,150,"National","ASMP; incidental"
"VIC","Lake Murdeduke","Red-necked Stint","summer",2017,2200,6000,600,"National","ASMP"
"VIC","Lake Murdeduke","Sharp-tailed Sandpiper","summer",2017,700,1300,130,"National","ASMP; incidental"
"SA","Lake Newland","Curlew Sandpiper","summer",2023,167,1200,120,"National","ASMP"
"SA","Lake Newland","Red-necked Stint","summer",2023,938,6000,600,"National","ASMP"
"SA","Lake Newland","Ruddy Turnstone","summer",2011,63,300,30,"National","ASMP"
"SA","Lake Newland","Sanderling","summer",2015,788,300,30,"International","ASMP"
"SA","Lake Newland","Sharp-tailed Sandpiper","summer",2015,330,1300,130,"National","ASMP"
"SA","Lake St Clair","Red-necked Stint","summer",2017,701,6000,600,"National","ASMP"
"VIC","Lake Wongan","Curlew Sandpiper","summer",2018,220,1200,120,"National","ASMP"
"VIC","Lake Wongan","Sharp-tailed Sandpiper","summer",2020,2300,1300,130,"International","ASMP"
"TAS","Legana","Latham's Snipe","summer",2019,66,350,18,"National","Latham's Snipe Project; ASMP; incidental"
"TAS","Legana","Sharp-tailed Sandpiper","summer",2019,370,1300,130,"National","ASMP; incidental"
"NT","Legune","Bar-tailed Godwit","summer",2016,756,3750,375,"National","Project Sea Dragon EIS (2018)"
"NT","Legune","Black-tailed Godwit","summer",2016,773,2300,230,"National","Project Sea Dragon EIS (2018)"
"NT","Legune","Broad-billed Sandpiper","summer",2016,45,450,45,"National","Project Sea Dragon EIS (2018)"
"NT","Legune","Far Eastern Curlew","summer",2018,60,350,35,"National","Project Sea Dragon EIS (2018)"
"NT","Legune","Greater Sand Plover","summer",2016,1951,1400,140,"International","Project Sea Dragon EIS (2018)"
"NT","Legune","Grey-tailed Tattler","summer",2016,141,800,80,"National","Project Sea Dragon EIS (2018)"
"NT","Legune","Siberian Sand Plover","summer",2016,439,260,26,"International","Project Sea Dragon EIS (2018)"
"NT","Legune","Little Curlew","summer",2018,4380,1100,110,"International","Project Sea Dragon EIS (2018)"
"NT","Legune","Marsh Sandpiper","summer",2016,660,1300,130,"National","Project Sea Dragon EIS (2018)"
"NT","Legune","Oriental Plover","summer",2018,586,2300,230,"National","Project Sea Dragon EIS (2018)"
"NT","Legune","Red-necked Stint","summer",2016,1113,6000,600,"National","Project Sea Dragon EIS (2018)"
"NT","Legune","Ruddy Turnstone","summer",2018,181,300,30,"National","Project Sea Dragon EIS (2018)"
"NT","Legune","Sanderling","summer",2018,154,300,30,"National","Project Sea Dragon EIS (2018)"
"NT","Legune","Sharp-tailed Sandpiper","summer",2016,1952,1300,130,"International","Project Sea Dragon EIS (2018)"
"NT","Legune","Terek Sandpiper","summer",2018,271,750,75,"National","Project Sea Dragon EIS (2018)"
"NT","Legune","Whimbrel","summer",2016,572,900,90,"National","Project Sea Dragon EIS (2018)"
"WA","Leschenault Estuary","Red-necked Stint","summer",2020,700,6000,600,"National","ASMP; incidental"
"WA","Leschenault Estuary","Sanderling","summer",2018,70,300,30,"National","ASMP"
"WA","Leslie Saltfields","Asian Dowitcher","summer",2019,127,280,28,"National","ASMP"
"WA","Leslie Saltfields","Bar-tailed Godwit","summer",2019,1139,3750,375,"National","ASMP"
"WA","Leslie Saltfields","Broad-billed Sandpiper","summer",2023,910,450,45,"International","ASMP"
"WA","Leslie Saltfields","Curlew Sandpiper","summer",2014,805,1200,120,"National","ASMP"
"WA","Leslie Saltfields","Far Eastern Curlew","summer",2018,121,350,35,"National","ASMP"
"WA","Leslie Saltfields","Great Knot","summer",2019,1220,4000,400,"National","ASMP"
"WA","Leslie Saltfields","Greater Sand Plover","summer",2023,407,1400,140,"National","ASMP"
"WA","Leslie Saltfields","Siberian Sand Plover","summer",2019,1248,260,26,"International","ASMP"
"WA","Leslie Saltfields","Little Curlew","summer",2015,151,1100,110,"National","ASMP"
"WA","Leslie Saltfields","Oriental Plover","summer",2022,1567,2300,230,"National","ASMP"
"WA","Leslie Saltfields","Red-necked Stint","summer",2019,5142,6000,600,"National","ASMP"
"WA","Leslie Saltfields","Ruddy Turnstone","summer",2014,46,300,30,"National","ASMP"
"WA","Leslie Saltfields","Sharp-tailed Sandpiper","summer",2015,3885,1300,130,"International","ASMP"
"QLD","Lockyer Valley","Sharp-tailed Sandpiper","summer",2023,330,1300,130,"National","QWSG; ASMP; incidental"
"NSW","Long Reef","Sanderling","summer",2024,40,300,30,"National","ASMP"
"SA","Lower Yorke Peninsula","Ruddy Turnstone","summer",2013,80,300,30,"National","ASMP"
"SA","Lower Yorke Peninsula","Sharp-tailed Sandpiper","summer",2010,250,1300,130,"National","ASMP; incidental"
"QLD","Lucinda","Far Eastern Curlew","summer",2016,110,350,35,"National","QWSG; ASMP; incidental"
"QLD","Lucinda","Great Knot","summer",2019,1500,4000,400,"National","QWSG; ASMP"
"QLD","Lucinda","Greater Sand Plover","summer",2010,600,1400,140,"National","QWSG; ASMP"
"QLD","Lucinda","Grey-tailed Tattler","summer",2016,240,800,80,"National","QWSG; ASMP; incidental"
"QLD","Lucinda","Siberian Sand Plover","summer",2010,250,260,26,"National","QWSG; ASMP"
"QLD","Mackay","Bar-tailed Godwit","summer",2012,2000,3750,375,"National","QWSG; ASMP"
"QLD","Mackay","Curlew Sandpiper","summer",2024,197,1200,120,"National","QWSG; ASMP"
"QLD","Mackay","Far Eastern Curlew","summer",2013,526,350,35,"International","QWSG; ASMP"
"QLD","Mackay","Great Knot","summer",2015,434,4000,400,"National","QWSG; ASMP"
"QLD","Mackay","Greater Sand Plover","summer",2013,1241,1400,140,"National","QWSG; ASMP"
"QLD","Mackay","Grey Plover","summer",2015,167,750,75,"National","QWSG; ASMP"
"QLD","Mackay","Grey-tailed Tattler","summer",2013,656,800,80,"National","QWSG; ASMP"
"QLD","Mackay","Siberian Sand Plover","summer",2010,1601,260,26,"International","QWSG; ASMP"
"QLD","Mackay","Pacific Golden Plover","summer",2014,468,1500,150,"National","QWSG; ASMP"
"QLD","Mackay","Red-necked Stint","summer",2015,1097,6000,600,"National","QWSG; ASMP"
"QLD","Mackay","Ruddy Turnstone","summer",2013,170,300,30,"National","QWSG; ASMP"
"QLD","Mackay","Terek Sandpiper","summer",2023,200,750,75,"National","QWSG; ASMP"
"QLD","Mackay","Whimbrel","summer",2023,640,900,90,"National","QWSG; ASMP"
"NSW","Manning River Estuary","Far Eastern Curlew","summer",2018,100,350,35,"National","ASMP; incidental"
"NSW","Manning River Estuary","Pacific Golden Plover","summer",2018,210,1500,150,"National","ASMP; incidental"
"NSW","Manning River Estuary","Sanderling","summer",2023,43,300,30,"National","ASMP"
"QLD","Mapoon","Black-tailed Godwit","summer",2017,556,2300,230,"National","QWSG; ASMP"
"QLD","Mapoon","Common Greenshank","summer",2024,210,1100,110,"National","QWSG; ASMP"
"QLD","Mapoon","Far Eastern Curlew","summer",2017,223,350,35,"National","QWSG; ASMP"
"QLD","Mapoon","Great Knot","summer",2024,749,4000,400,"National","QWSG; ASMP"
"QLD","Mapoon","Greater Sand Plover","summer",2022,607,1400,140,"National","QWSG; ASMP"
"QLD","Mapoon","Siberian Sand Plover","summer",2017,922,260,26,"International","QWSG; ASMP"
"QLD","Mapoon","Little Curlew","summer",2017,180,1100,110,"National","QWSG; ASMP"
"QLD","Mapoon","Marsh Sandpiper","summer",2016,149,1300,130,"National","QWSG; ASMP"
"QLD","Mapoon","Pacific Golden Plover","summer",2015,172,1500,150,"National","QWSG; ASMP"
"QLD","Mapoon","Red-necked Stint","summer",2014,1700,6000,600,"National","QWSG; ASMP"
"QLD","Mapoon","Sharp-tailed Sandpiper","summer",2017,1601,1300,130,"International","QWSG; ASMP"
"QLD","Mapoon","Terek Sandpiper","summer",2017,205,750,75,"National","QWSG; ASMP"
"QLD","Mapoon","Whimbrel","summer",2016,489,900,90,"National","QWSG; ASMP"
"QLD","Maroochy River","Whimbrel","summer",2023,154,900,90,"National","QWSG; ASMP"
"TAS","Maurouard Beach","Ruddy Turnstone","summer",2021,30,300,30,"National","ASMP"
"VIC","Merin Merin and Middle Swamps","Latham's Snipe","summer",2017,22,350,18,"National","ASMP"
"VIC","Mildura","Sharp-tailed Sandpiper","summer",2019,130,1300,130,"National","ASMP; incidental"
"NT","Milingimbi coast","Bar-tailed Godwit","summer",2016,1433,3750,375,"National","ASMP; Chatto (2012)"
"NT","Milingimbi coast","Black-tailed Godwit","summer",2016,668,2300,230,"National","ASMP; Chatto (2012)"
"NT","Milingimbi coast","Common Greenshank","summer",2016,608,1100,110,"National","ASMP; Chatto (2012)"
"NT","Milingimbi coast","Curlew Sandpiper","summer",2016,863,1200,120,"National","ASMP; Chatto (2012)"
"NT","Milingimbi coast","Far Eastern Curlew","summer",2016,306,350,35,"National","ASMP; Chatto (2012)"
"NT","Milingimbi coast","Great Knot","summer",2016,4504,4000,400,"International","ASMP; Chatto (2012)"
"NT","Milingimbi coast","Greater Sand Plover","summer",2016,2930,1400,140,"International","ASMP; Chatto (2012)"
"NT","Milingimbi coast","Grey Plover","summer",2016,506,750,75,"National","ASMP; Chatto (2012)"
"NT","Milingimbi coast","Grey-tailed Tattler","summer",2016,2376,800,80,"International","ASMP; Chatto (2012)"
"NT","Milingimbi coast","Siberian Sand Plover","summer",2016,4406,260,26,"International","ASMP; Chatto (2012)"
"NT","Milingimbi coast","Pacific Golden Plover","summer",2016,203,1500,150,"National","ASMP; Chatto (2012)"
"NT","Milingimbi coast","Red Knot","summer",2016,666,1300,130,"National","ASMP; Chatto (2012)"
"NT","Milingimbi coast","Red-necked Stint","summer",2016,4104,6000,600,"National","ASMP; Chatto (2012)"
"NT","Milingimbi coast","Ruddy Turnstone","summer",2016,446,300,30,"International","ASMP; Chatto (2012)"
"NT","Milingimbi coast","Sharp-tailed Sandpiper","summer",2016,1070,1300,130,"National","ASMP; Chatto (2012)"
"NT","Milingimbi coast","Terek Sandpiper","summer",2016,2945,750,75,"International","ASMP; Chatto (2012)"
"NT","Milingimbi coast","Whimbrel","summer",2016,466,900,90,"National","ASMP; Chatto (2012)"
"QLD","Mission River","Siberian Sand Plover","summer",2014,30,260,26,"National","QWSG; ASMP"
"VIC","Moolap","Curlew Sandpiper","summer",2010,745,1200,120,"National","ASMP"
"VIC","Moolap","Marsh Sandpiper","summer",2015,166,1300,130,"National","ASMP"
"VIC","Moolap","Red-necked Stint","summer",2014,1615,6000,600,"National","ASMP"
"VIC","Moolap","Sharp-tailed Sandpiper","summer",2021,1554,1300,130,"International","ASMP"
"TAS","Moorland","Ruddy Turnstone","summer",2011,167,300,30,"National","ASMP"
"QLD","Moreton Bay","Bar-tailed Godwit","summer",2024,7864,3750,375,"International","QWSG; ASMP"
"QLD","Moreton Bay","Black-tailed Godwit","summer",2020,884,2300,230,"National","QWSG; ASMP"
"QLD","Moreton Bay","Broad-billed Sandpiper","summer",2014,136,450,45,"National","QWSG; ASMP; incidental"
"QLD","Moreton Bay","Curlew Sandpiper","summer",2023,3408,1200,120,"International","QWSG; ASMP"
"QLD","Moreton Bay","Far Eastern Curlew","summer",2021,2125,350,35,"International","QWSG; ASMP"
"QLD","Moreton Bay","Great Knot","summer",2012,830,4000,400,"National","QWSG; ASMP"
"QLD","Moreton Bay","Greater Sand Plover","summer",2012,432,1400,140,"National","QWSG; ASMP"
"QLD","Moreton Bay","Grey Plover","summer",2024,160,750,75,"National","QWSG; ASMP"
"QLD","Moreton Bay","Grey-tailed Tattler","summer",2021,1512,800,80,"International","QWSG; ASMP"
"QLD","Moreton Bay","Latham's Snipe","summer",2022,55,350,18,"National","QWSG; ASMP; incidental"
"QLD","Moreton Bay","Siberian Sand Plover","summer",2021,2053,260,26,"International","QWSG; ASMP"
"QLD","Moreton Bay","Pacific Golden Plover","summer",2020,1219,1500,150,"National","QWSG; ASMP"
"QLD","Moreton Bay","Red Knot","summer",2019,1545,1300,130,"International","QWSG; ASMP"
"QLD","Moreton Bay","Red-necked Stint","summer",2015,6669,6000,600,"International","QWSG; ASMP"
"QLD","Moreton Bay","Ruddy Turnstone","summer",2021,248,300,30,"National","QWSG; ASMP"
"QLD","Moreton Bay","Sanderling","summer",2019,135,300,30,"National","QWSG; ASMP"
"QLD","Moreton Bay","Sharp-tailed Sandpiper","summer",2022,2187,1300,130,"International","QWSG; ASMP"
"QLD","Moreton Bay","Terek Sandpiper","summer",2020,166,750,75,"National","QWSG; ASMP"
"QLD","Moreton Bay","Wandering Tattler","summer",2024,10,100,10,"National","QWSG; ASMP; incidental"
"QLD","Moreton Bay","Whimbrel","summer",2021,1603,900,90,"International","QWSG; ASMP"
"NSW","Moruya","Far Eastern Curlew","summer",2020,35,350,35,"National","ASMP; incidental"
"SA","Murat Bay","Curlew Sandpiper","summer",2014,127,1200,120,"National","ASMP"
"SA","Murat Bay","Red-necked Stint","summer",2015,1045,6000,600,"National","ASMP"
"NT","Nhulunbuy","Siberian Sand Plover","summer",2017,26,260,26,"National","ASMP; incidental"
"WA","Ningaloo Marine Park","Grey-tailed Tattler","summer",2022,200,800,80,"National","ASMP; incidental"
"WA","Ningaloo Marine Park","Sanderling","summer",2020,86,300,30,"National","ASMP"
"EXT","Norfolk Island","Pacific Golden Plover","summer",2013,256,1500,150,"National","ASMP; incidental"
"NT","North Darwin","Bar-tailed Godwit","summer",2020,600,3750,375,"National","ASMP; incidental"
"NT","North Darwin","Black-tailed Godwit","summer",2023,1800,2300,230,"National","ASMP; incidental"
"NT","North Darwin","Far Eastern Curlew","summer",2022,105,350,35,"National","ASMP"
"NT","North Darwin","Great Knot","summer",2015,13230,4000,400,"International","ASMP"
"NT","North Darwin","Greater Sand Plover","summer",2010,3165,1400,140,"International","ASMP"
"NT","North Darwin","Grey Plover","summer",2011,201,750,75,"National","ASMP"
"NT","North Darwin","Grey-tailed Tattler","summer",2011,800,800,80,"International","ASMP; incidental"
"NT","North Darwin","Siberian Sand Plover","summer",2014,362,260,26,"International","ASMP"
"NT","North Darwin","Red Knot","summer",2017,1782,1300,130,"International","ASMP"
"NT","North Darwin","Red-necked Stint","summer",2021,629,6000,600,"National","ASMP"
"NT","North Darwin","Ruddy Turnstone","summer",2010,166,300,30,"National","ASMP"
"NT","North Darwin","Sanderling","summer",2019,307,300,30,"International","ASMP"
"NT","North Darwin","Terek Sandpiper","summer",2020,230,750,75,"National","ASMP"
"NT","North Darwin","Whimbrel","summer",2012,282,900,90,"National","ASMP"
"WA","Nuytsland Nature Reserve","Ruddy Turnstone","summer",2022,47,300,30,"National","ASMP; incidental"
"WA","Nuytsland Nature Reserve","Sanderling","summer",2022,38,300,30,"National","ASMP; incidental"
"WA","Onslow","Siberian Sand Plover","summer",2024,91,260,26,"National","ASMP; incidental"
"NSW","Parramatta River","Sharp-tailed Sandpiper","summer",2019,138,1300,130,"National","ASMP"
"WA","Peel & Yalgorup Lakes","Common Greenshank","summer",2010,400,1100,110,"National","ASMP"
"WA","Peel & Yalgorup Lakes","Curlew Sandpiper","summer",2011,700,1200,120,"National","ASMP; incidental"
"WA","Peel & Yalgorup Lakes","Far Eastern Curlew","summer",2021,41,350,35,"National","ASMP"
"WA","Peel & Yalgorup Lakes","Grey Plover","summer",2010,97,750,75,"National","ASMP"
"WA","Peel & Yalgorup Lakes","Red Knot","summer",2020,313,1300,130,"National","ASMP"
"WA","Peel & Yalgorup Lakes","Red-necked Stint","summer",2020,7230,6000,600,"International","ASMP"
"WA","Peel & Yalgorup Lakes","Sharp-tailed Sandpiper","summer",2010,6015,1300,130,"International","ASMP"
"TAS","Pittwater, TAS","Far Eastern Curlew","summer",2015,93,350,35,"National","ASMP"
"SA","Point Brown to Acraman Creek","Red Knot","summer",2013,230,1300,130,"National","ASMP"
"SA","Point Brown to Acraman Creek","Red-necked Stint","summer",2023,787,6000,600,"National","ASMP"
"SA","Point Brown to Acraman Creek","Ruddy Turnstone","summer",2023,120,300,30,"National","ASMP"
"SA","Point Brown to Acraman Creek","Sharp-tailed Sandpiper","summer",2014,1034,1300,130,"National","ASMP"
"VIC","Point Cook to Williamstown","Curlew Sandpiper","summer",2011,1800,1200,120,"International","ASMP"
"VIC","Point Cook to Williamstown","Red-necked Stint","summer",2021,4480,6000,600,"National","ASMP; incidental"
"VIC","Point Cook to Williamstown","Sharp-tailed Sandpiper","summer",2020,2120,1300,130,"International","ASMP; incidental"
"TAS","Policemans Point","Ruddy Turnstone","summer",2011,40,300,30,"National","ASMP"
"TAS","Policemans Point","Sanderling","summer",2022,125,300,30,"National","ASMP; incidental"
"QLD","Pormpuraaw","Red-necked Stint","summer",2013,622,6000,600,"National","QWSG; ASMP"
"QLD","Port Clinton","Bar-tailed Godwit","summer",2020,1180,3750,375,"National","QWSG; ASMP; incidental"
"QLD","Port Clinton","Far Eastern Curlew","summer",2019,354,350,35,"International","QWSG; ASMP"
"QLD","Port Clinton","Great Knot","summer",2019,555,4000,400,"National","QWSG; ASMP"
"QLD","Port Clinton","Siberian Sand Plover","summer",2020,348,260,26,"International","QWSG; ASMP; incidental"
"QLD","Port Clinton","Whimbrel","summer",2020,643,900,90,"National","QWSG; ASMP; incidental"
"QLD","Port Douglas","Siberian Sand Plover","summer",2020,34,260,26,"National","QWSG; ASMP; incidental"
"VIC","Port Fairy","Latham's Snipe","summer",2011,443,350,18,"International","Latham's Snipe Project; ASMP"
"VIC","Port Fairy","Red-necked Stint","summer",2019,1995,6000,600,"National","ASMP"
"VIC","Port Fairy","Ruddy Turnstone","summer",2019,288,300,30,"National","ASMP"
"VIC","Port Fairy","Sanderling","summer",2018,400,300,30,"International","ASMP"
"VIC","Port Fairy","Sharp-tailed Sandpiper","summer",2018,1779,1300,130,"International","ASMP"
"WA","Port Hedland","Ruddy Turnstone","summer",2020,50,300,30,"National","ASMP; incidental"
"SA","Port Lincoln","Red-necked Stint","summer",2012,706,6000,600,"National","ASMP"
"SA","Port Lincoln","Sanderling","summer",2015,602,300,30,"International","ASMP"
"SA","Port MacDonnell","Curlew Sandpiper","summer",2012,161,1200,120,"National","ASMP"
"SA","Port MacDonnell","Red-necked Stint","summer",2017,1728,6000,600,"National","ASMP"
"SA","Port MacDonnell","Ruddy Turnstone","summer",2010,270,300,30,"National","ASMP"
"SA","Port MacDonnell","Sanderling","summer",2020,1300,300,30,"International","ASMP"
"SA","Port MacDonnell","Sharp-tailed Sandpiper","summer",2019,783,1300,130,"National","ASMP"
"SA","Port Pirie coast","Curlew Sandpiper","summer",2019,144,1200,120,"National","ASMP"
"SA","Port Pirie coast","Red Knot","summer",2019,2250,1300,130,"International","ASMP"
"SA","Port Pirie coast","Red-necked Stint","summer",2019,2580,6000,600,"National","ASMP"
"SA","Port Pirie coast","Ruddy Turnstone","summer",2022,190,300,30,"National","ASMP"
"NSW","Port Stephens","Bar-tailed Godwit","summer",2010,876,3750,375,"National","ASMP"
"NSW","Port Stephens","Far Eastern Curlew","summer",2013,450,350,35,"International","ASMP; incidental"
"NSW","Port Stephens","Whimbrel","summer",2016,301,900,90,"National","ASMP"
"SA","Port Victoria","Grey Plover","summer",2011,93,750,75,"National","ASMP"
"SA","Port Victoria","Red Knot","summer",2021,2500,1300,130,"International","ASMP"
"SA","Port Victoria","Red-necked Stint","summer",2015,870,6000,600,"National","ASMP"
"SA","Port Victoria","Ruddy Turnstone","summer",2010,153,300,30,"National","ASMP"
"VIC","Portland","Sanderling","summer",2018,100,300,30,"National","ASMP"
"VIC","Portland","Sharp-tailed Sandpiper","summer",2016,140,1300,130,"National","ASMP; incidental"
"QLD","Pumicestone Passage","Bar-tailed Godwit","summer",2010,5486,3750,375,"International","QWSG; ASMP"
"QLD","Pumicestone Passage","Far Eastern Curlew","summer",2016,813,350,35,"International","QWSG; ASMP"
"QLD","Pumicestone Passage","Great Knot","summer",2011,955,4000,400,"National","QWSG; ASMP"
"QLD","Pumicestone Passage","Greater Sand Plover","summer",2012,202,1400,140,"National","QWSG; ASMP"
"QLD","Pumicestone Passage","Grey-tailed Tattler","summer",2016,990,800,80,"International","QWSG; ASMP"
"QLD","Pumicestone Passage","Siberian Sand Plover","summer",2015,232,260,26,"National","QWSG; ASMP"
"QLD","Pumicestone Passage","Red Knot","summer",2016,992,1300,130,"National","QWSG; ASMP"
"QLD","Pumicestone Passage","Sharp-tailed Sandpiper","summer",2010,354,1300,130,"National","QWSG; ASMP"
"QLD","Pumicestone Passage","Terek Sandpiper","summer",2021,191,750,75,"National","QWSG; ASMP"
"QLD","Pumicestone Passage","Whimbrel","summer",2011,453,900,90,"National","QWSG; ASMP"
"QLD","Punsand Bay","Greater Sand Plover","summer",2014,177,1400,140,"National","QWSG; ASMP"
"QLD","Punsand Bay","Siberian Sand Plover","summer",2014,114,260,26,"National","QWSG; ASMP"
"QLD","Repulse Bay","Bar-tailed Godwit","summer",2011,545,3750,375,"National","QWSG; ASMP"
"QLD","Repulse Bay","Black-tailed Godwit","summer",2013,241,2300,230,"National","QWSG; ASMP"
"QLD","Repulse Bay","Far Eastern Curlew","summer",2015,270,350,35,"National","QWSG; ASMP"
"QLD","Repulse Bay","Great Knot","summer",2011,4047,4000,400,"International","QWSG; ASMP"
"QLD","Repulse Bay","Greater Sand Plover","summer",2011,340,1400,140,"National","QWSG; ASMP"
"QLD","Repulse Bay","Grey Plover","summer",2015,170,750,75,"National","QWSG; ASMP"
"QLD","Repulse Bay","Grey-tailed Tattler","summer",2011,97,800,80,"National","QWSG; ASMP"
"QLD","Repulse Bay","Siberian Sand Plover","summer",2018,1250,260,26,"International","QWSG; ASMP"
"QLD","Repulse Bay","Red Knot","summer",2012,150,1300,130,"National","QWSG; ASMP"
"QLD","Repulse Bay","Whimbrel","summer",2018,311,900,90,"National","QWSG; ASMP"
"NSW","Richmond River Estuary","Curlew Sandpiper","summer",2010,192,1200,120,"National","ASMP"
"NSW","Richmond River Estuary","Far Eastern Curlew","summer",2015,76,350,35,"National","ASMP"
"NSW","Richmond River Estuary","Grey-tailed Tattler","summer",2010,99,800,80,"National","ASMP"
"NSW","Richmond River Estuary","Latham's Snipe","summer",2018,45,350,18,"National","Latham's Snipe Project; ASMP"
"NSW","Richmond River Estuary","Pacific Golden Plover","summer",2013,496,1500,150,"National","ASMP"
"NSW","Richmond River Estuary","Ruddy Turnstone","summer",2021,50,300,30,"National","ASMP; incidental"
"NSW","Richmond River Estuary","Sanderling","summer",2012,51,300,30,"National","ASMP"
"NSW","Richmond River Estuary","Sharp-tailed Sandpiper","summer",2020,700,1300,130,"National","ASMP; incidental"
"NSW","Richmond River Estuary","Wandering Tattler","summer",2016,14,100,10,"National","ASMP; incidental"
"NSW","Richmond River Estuary","Whimbrel","summer",2017,91,900,90,"National","ASMP"
"SA","Rivoli Bay","Ruddy Turnstone","summer",2024,90,300,30,"National","ASMP; incidental"
"TAS","Robbins Passage/Boullanger Bay","Common Greenshank","summer",2010,125,1100,110,"National","ASMP"
"TAS","Robbins Passage/Boullanger Bay","Curlew Sandpiper","summer",2022,712,1200,120,"National","ASMP"
"TAS","Robbins Passage/Boullanger Bay","Far Eastern Curlew","summer",2010,111,350,35,"National","ASMP"
"TAS","Robbins Passage/Boullanger Bay","Grey Plover","summer",2014,87,750,75,"National","ASMP"
"TAS","Robbins Passage/Boullanger Bay","Pacific Golden Plover","summer",2018,449,1500,150,"National","ASMP"
"TAS","Robbins Passage/Boullanger Bay","Red Knot","summer",2017,1475,1300,130,"International","ASMP"
"TAS","Robbins Passage/Boullanger Bay","Red-necked Stint","summer",2010,7750,6000,600,"International","ASMP"
"TAS","Robbins Passage/Boullanger Bay","Ruddy Turnstone","summer",2022,1136,300,30,"International","ASMP"
"TAS","Robbins Passage/Boullanger Bay","Sanderling","summer",2018,150,300,30,"National","ASMP"
"TAS","Robbins Passage/Boullanger Bay","Sharp-tailed Sandpiper","summer",2010,184,1300,130,"National","ASMP"
"QLD","Rodds Bay","Bar-tailed Godwit","summer",2012,501,3750,375,"National","QWSG; ASMP"
"QLD","Rodds Bay","Far Eastern Curlew","summer",2013,262,350,35,"National","QWSG; ASMP"
"QLD","Rodds Bay","Grey-tailed Tattler","summer",2012,239,800,80,"National","QWSG; ASMP"
"QLD","Rodds Bay","Siberian Sand Plover","summer",2011,75,260,26,"National","QWSG; ASMP"
"QLD","Rodds Bay","Terek Sandpiper","summer",2012,195,750,75,"National","QWSG; ASMP"
"WA","Roebuck Bay","Asian Dowitcher","summer",2017,191,280,28,"National","MYSMA counts"
"WA","Roebuck Bay","Bar-tailed Godwit","summer",2015,39320,3750,375,"International","MYSMA counts"
"WA","Roebuck Bay","Black-tailed Godwit","summer",2023,5144,2300,230,"International","MYSMA counts"
"WA","Roebuck Bay","Broad-billed Sandpiper","summer",2022,434,450,45,"National","MYSMA counts"
"WA","Roebuck Bay","Common Greenshank","summer",2018,747,1100,110,"National","MYSMA counts"
"WA","Roebuck Bay","Curlew Sandpiper","summer",2017,3216,1200,120,"International","MYSMA counts"
"WA","Roebuck Bay","Far Eastern Curlew","summer",2018,893,350,35,"International","MYSMA counts"
"WA","Roebuck Bay","Great Knot","summer",2018,42481,4000,400,"International","MYSMA counts"
"WA","Roebuck Bay","Greater Sand Plover","summer",2018,26351,1400,140,"International","MYSMA counts"
"WA","Roebuck Bay","Grey Plover","summer",2022,835,750,75,"International","MYSMA counts"
"WA","Roebuck Bay","Grey-tailed Tattler","summer",2022,3732,800,80,"International","MYSMA counts"
"WA","Roebuck Bay","Siberian Sand Plover","summer",2023,222,260,26,"National","MYSMA counts; incidental"
"WA","Roebuck Bay","Little Curlew","summer",2015,731,1100,110,"National","MYSMA counts"
"WA","Roebuck Bay","Oriental Plover","summer",2019,9580,2300,230,"International","MYSMA counts"
"WA","Roebuck Bay","Oriental Pratincole","summer",2023,60000,28800,2880,"International","MYSMA counts; incidental"
"WA","Roebuck Bay","Red Knot","summer",2019,6130,1300,130,"International","MYSMA counts; incidental"
"WA","Roebuck Bay","Red-necked Stint","summer",2022,18097,6000,600,"International","MYSMA counts"
"WA","Roebuck Bay","Ruddy Turnstone","summer",2023,1344,300,30,"International","MYSMA counts"
"WA","Roebuck Bay","Sanderling","summer",2011,3235,300,30,"International","MYSMA counts"
"WA","Roebuck Bay","Sharp-tailed Sandpiper","summer",2024,2800,1300,130,"International","MYSMA counts; incidental"
"WA","Roebuck Bay","Terek Sandpiper","summer",2016,1997,750,75,"International","MYSMA counts"
"WA","Roebuck Bay","Whimbrel","summer",2019,1809,900,90,"International","MYSMA counts"
"WA","Roebuck Plains","Little Curlew","summer",2022,2773,1100,110,"International","ASMP; incidental"
"WA","Roebuck Plains","Marsh Sandpiper","summer",2010,161,1300,130,"National","ASMP"
"WA","Roebuck Plains","Oriental Plover","summer",2021,300,2300,230,"National","ASMP; incidental"
"WA","Roebuck Plains","Oriental Pratincole","summer",2024,60000,28800,2880,"International","ASMP; incidental"
"WA","Roebuck Plains","Sharp-tailed Sandpiper","summer",2022,1500,1300,130,"International","ASMP; incidental"
"WA","Roebuck Plains","Wood Sandpiper","summer",2010,154,1300,130,"National","ASMP"
"WA","Rottnest Island","Red-necked Stint","summer",2023,2305,6000,600,"National","ASMP"
"WA","Rottnest Island","Ruddy Turnstone","summer",2013,256,300,30,"National","ASMP"
"WA","Rottnest Island","Sanderling","summer",2013,284,300,30,"National","ASMP"
"QLD","SE Gulf of Carpentaria","Bar-tailed Godwit","summer",2013,913,3750,375,"National","QWSG; ASMP"
"QLD","SE Gulf of Carpentaria","Black-tailed Godwit","summer",2013,9609,2300,230,"International","QWSG; ASMP"
"QLD","SE Gulf of Carpentaria","Broad-billed Sandpiper","summer",2013,98,450,45,"National","QWSG; ASMP"
"QLD","SE Gulf of Carpentaria","Common Greenshank","summer",2013,125,1100,110,"National","QWSG; ASMP"
"QLD","SE Gulf of Carpentaria","Curlew Sandpiper","summer",2021,125,1200,120,"National","QWSG; ASMP; incidental"
"QLD","SE Gulf of Carpentaria","Far Eastern Curlew","summer",2013,406,350,35,"International","QWSG; ASMP"
"QLD","SE Gulf of Carpentaria","Great Knot","summer",2013,28979,4000,400,"International","QWSG; ASMP"
"QLD","SE Gulf of Carpentaria","Greater Sand Plover","summer",2013,5281,1400,140,"International","QWSG; ASMP"
"QLD","SE Gulf of Carpentaria","Grey Plover","summer",2013,311,750,75,"National","QWSG; ASMP"
"QLD","SE Gulf of Carpentaria","Grey-tailed Tattler","summer",2013,85,800,80,"National","QWSG; ASMP"
"QLD","SE Gulf of Carpentaria","Siberian Sand Plover","summer",2013,967,260,26,"International","QWSG; ASMP"
"QLD","SE Gulf of Carpentaria","Little Curlew","summer",2019,6000,1100,110,"International","QWSG; ASMP; incidental"
"QLD","SE Gulf of Carpentaria","Marsh Sandpiper","summer",2024,150,1300,130,"National","QWSG; ASMP; incidental"
"QLD","SE Gulf of Carpentaria","Red Knot","summer",2013,7649,1300,130,"International","QWSG; ASMP"
"QLD","SE Gulf of Carpentaria","Red-necked Stint","summer",2013,6616,6000,600,"International","QWSG; ASMP"
"QLD","SE Gulf of Carpentaria","Sanderling","summer",2013,238,300,30,"National","QWSG; ASMP"
"QLD","SE Gulf of Carpentaria","Sharp-tailed Sandpiper","summer",2013,509,1300,130,"National","QWSG; ASMP"
"QLD","SE Gulf of Carpentaria","Terek Sandpiper","summer",2013,133,750,75,"National","QWSG; ASMP"
"QLD","SE Gulf of Carpentaria","Whimbrel","summer",2013,460,900,90,"National","QWSG; ASMP"
"QLD","Sand Bay","Bar-tailed Godwit","summer",2013,472,3750,375,"National","QWSG; ASMP"
"QLD","Sand Bay","Far Eastern Curlew","summer",2018,330,350,35,"National","QWSG; ASMP"
"QLD","Sand Bay","Great Knot","summer",2013,1674,4000,400,"National","QWSG; ASMP"
"QLD","Sand Bay","Greater Sand Plover","summer",2015,522,1400,140,"National","QWSG; ASMP"
"QLD","Sand Bay","Grey Plover","summer",2011,95,750,75,"National","QWSG; ASMP"
"QLD","Sand Bay","Grey-tailed Tattler","summer",2015,211,800,80,"National","QWSG; ASMP"
"QLD","Sand Bay","Siberian Sand Plover","summer",2011,585,260,26,"International","QWSG; ASMP"
"QLD","Sand Bay","Red-necked Stint","summer",2015,1257,6000,600,"National","QWSG; ASMP"
"QLD","Sand Bay","Ruddy Turnstone","summer",2020,43,300,30,"National","QWSG; ASMP"
"QLD","Sand Bay","Sharp-tailed Sandpiper","summer",2015,489,1300,130,"National","QWSG; ASMP"
"QLD","Sand Bay","Whimbrel","summer",2015,453,900,90,"National","QWSG; ASMP"
"SA","Sceale Bay","Curlew Sandpiper","summer",2010,139,1200,120,"National","ASMP"
"SA","Sceale Bay","Red-necked Stint","summer",2010,1037,6000,600,"National","ASMP"
"SA","Sceale Bay","Ruddy Turnstone","summer",2023,179,300,30,"National","ASMP"
"SA","Sceale Bay","Sanderling","summer",2011,1055,300,30,"International","ASMP"
"SA","Sceale Bay","Sharp-tailed Sandpiper","summer",2023,286,1300,130,"National","ASMP"
"QLD","Seaforth","Far Eastern Curlew","summer",2017,61,350,35,"National","QWSG; ASMP"
"QLD","Seaforth","Siberian Sand Plover","summer",2012,72,260,26,"National","QWSG; ASMP"
"QLD","Seaforth","Whimbrel","summer",2013,111,900,90,"National","QWSG; ASMP"
"SA","Sensation Beach","Sanderling","summer",2013,501,300,30,"International","ASMP"
"VIC","Shallow Inlet","Common Greenshank","summer",2013,128,1100,110,"National","ASMP"
"VIC","Shallow Inlet","Curlew Sandpiper","summer",2018,930,1200,120,"National","ASMP"
"VIC","Shallow Inlet","Far Eastern Curlew","summer",2013,210,350,35,"National","ASMP"
"VIC","Shallow Inlet","Pacific Golden Plover","summer",2016,356,1500,150,"National","ASMP"
"VIC","Shallow Inlet","Red Knot","summer",2024,260,1300,130,"National","ASMP; incidental"
"VIC","Shallow Inlet","Red-necked Stint","summer",2016,3525,6000,600,"National","ASMP"
"VIC","Shallow Inlet","Sanderling","summer",2020,570,300,30,"International","ASMP"
"WA","Shark Bay","Bar-tailed Godwit","summer",2013,2402,3750,375,"National","ASMP"
"WA","Shark Bay","Common Greenshank","summer",2013,282,1100,110,"National","ASMP"
"WA","Shark Bay","Curlew Sandpiper","summer",2015,457,1200,120,"National","ASMP"
"WA","Shark Bay","Far Eastern Curlew","summer",2013,131,350,35,"National","ASMP"
"WA","Shark Bay","Great Knot","summer",2023,1080,4000,400,"National","ASMP"
"WA","Shark Bay","Greater Sand Plover","summer",2013,1818,1400,140,"International","ASMP"
"WA","Shark Bay","Grey-tailed Tattler","summer",2023,438,800,80,"National","ASMP"
"WA","Shark Bay","Siberian Sand Plover","summer",2015,682,260,26,"International","ASMP"
"WA","Shark Bay","Red-necked Stint","summer",2015,6716,6000,600,"International","ASMP"
"WA","Shark Bay","Ruddy Turnstone","summer",2024,543,300,30,"International","ASMP"
"WA","Shark Bay","Sanderling","summer",2023,70,300,30,"National","ASMP"
"WA","Shark Bay","Sharp-tailed Sandpiper","summer",2014,336,1300,130,"National","ASMP"
"WA","Shark Bay","Whimbrel","summer",2014,92,900,90,"National","ASMP"
"NSW","Shoalhaven Estuary","Bar-tailed Godwit","summer",2016,710,3750,375,"National","ASMP"
"NSW","Shoalhaven Estuary","Far Eastern Curlew","summer",2017,230,350,35,"National","ASMP"
"NSW","Shoalhaven Estuary","Siberian Sand Plover","summer",2013,39,260,26,"National","ASMP"
"NSW","Shoalhaven Estuary","Pacific Golden Plover","summer",2016,510,1500,150,"National","ASMP"
"NSW","Shoalhaven Estuary","Red Knot","summer",2021,193,1300,130,"National","ASMP"
"NSW","Shoalhaven Estuary","Red-necked Stint","summer",2021,2000,6000,600,"National","ASMP; incidental"
"NSW","Shoalhaven Estuary","Sharp-tailed Sandpiper","summer",2014,1000,1300,130,"National","ASMP; incidental"
"QLD","Shoalwater","Bar-tailed Godwit","summer",2016,605,3750,375,"National","Aecom (2016)"
"QLD","Shoalwater","Far Eastern Curlew","summer",2016,518,350,35,"International","Aecom (2016)"
"QLD","Shoalwater","Grey-tailed Tattler","summer",2016,2349,800,80,"International","Aecom (2016)"
"QLD","Shoalwater","Terek Sandpiper","summer",2016,1149,750,75,"International","Aecom (2016)"
"QLD","Shoalwater","Whimbrel","summer",2016,789,900,90,"National","Aecom (2016)"
"QLD","Skyring Estuary","Far Eastern Curlew","summer",2010,48,350,35,"National","QWSG; ASMP"
"QLD","Skyring Estuary","Grey-tailed Tattler","summer",2014,94,800,80,"National","QWSG; ASMP; incidental"
"QLD","Skyring Estuary","Pacific Golden Plover","summer",2012,216,1500,150,"National","QWSG; ASMP"
"QLD","Skyring Estuary","Terek Sandpiper","summer",2015,122,750,75,"National","QWSG; ASMP; incidental"
"TAS","South Arm Peninsula","Red-necked Stint","summer",2015,647,6000,600,"National","ASMP"
"SA","St Peter Island","Bar-tailed Godwit","summer",2015,400,3750,375,"National","ASMP"
"SA","St Peter Island","Common Greenshank","summer",2011,209,1100,110,"National","ASMP"
"SA","St Peter Island","Curlew Sandpiper","summer",2023,196,1200,120,"National","ASMP"
"SA","St Peter Island","Far Eastern Curlew","summer",2011,41,350,35,"National","ASMP"
"SA","St Peter Island","Great Knot","summer",2015,700,4000,400,"National","ASMP"
"SA","St Peter Island","Grey Plover","summer",2011,397,750,75,"National","ASMP"
"SA","St Peter Island","Red Knot","summer",2015,1800,1300,130,"International","ASMP"
"SA","St Peter Island","Red-necked Stint","summer",2024,2108,6000,600,"National","ASMP"
"SA","St Peter Island","Ruddy Turnstone","summer",2024,601,300,30,"International","ASMP"
"SA","St Peter Island","Sanderling","summer",2023,100,300,30,"National","ASMP"
"SA","St Peter Island","Sharp-tailed Sandpiper","summer",2023,409,1300,130,"National","ASMP"
"QLD","St. Helens Bay","Bar-tailed Godwit","summer",2013,727,3750,375,"National","QWSG; ASMP"
"QLD","St. Helens Bay","Far Eastern Curlew","summer",2015,95,350,35,"National","QWSG; ASMP"
"QLD","St. Helens Bay","Great Knot","summer",2012,1034,4000,400,"National","QWSG; ASMP"
"WA","Stokes National Park","Red-necked Stint","summer",2021,981,6000,600,"National","ASMP"
"SA","Streaky Bay","Common Greenshank","summer",2014,115,1100,110,"National","ASMP"
"SA","Streaky Bay","Curlew Sandpiper","summer",2024,205,1200,120,"National","ASMP"
"SA","Streaky Bay","Grey Plover","summer",2010,364,750,75,"National","ASMP"
"SA","Streaky Bay","Red Knot","summer",2010,200,1300,130,"National","ASMP"
"SA","Streaky Bay","Red-necked Stint","summer",2024,1342,6000,600,"National","ASMP"
"SA","Streaky Bay","Ruddy Turnstone","summer",2019,354,300,30,"International","ASMP"
"SA","Streaky Bay","Sanderling","summer",2024,93,300,30,"National","ASMP"
"SA","Streaky Bay","Sharp-tailed Sandpiper","summer",2019,417,1300,130,"National","ASMP"
"VIC","Swan Bay & Mud Islands","Bar-tailed Godwit","summer",2010,394,3750,375,"National","ASMP"
"VIC","Swan Bay & Mud Islands","Curlew Sandpiper","summer",2013,1125,1200,120,"National","ASMP"
"VIC","Swan Bay & Mud Islands","Far Eastern Curlew","summer",2013,65,350,35,"National","ASMP"
"VIC","Swan Bay & Mud Islands","Red-necked Stint","summer",2019,3201,6000,600,"National","ASMP"
"VIC","Swan Bay & Mud Islands","Ruddy Turnstone","summer",2015,77,300,30,"National","ASMP"
"VIC","Swan Bay & Mud Islands","Sharp-tailed Sandpiper","summer",2016,815,1300,130,"National","ASMP"
"VIC","Swan Hill","Sharp-tailed Sandpiper","summer",2010,270,1300,130,"National","ASMP"
"WA","Swan River","Red-necked Stint","summer",2010,1973,6000,600,"National","ASMP"
"QLD","Theodolite Creek","Far Eastern Curlew","summer",2010,199,350,35,"National","QWSG; ASMP"
"QLD","Theodolite Creek","Siberian Sand Plover","summer",2012,206,260,26,"National","QWSG; ASMP"
"QLD","Theodolite Creek","Whimbrel","summer",2012,208,900,90,"National","QWSG; ASMP"
"QLD","Toogoom to Point Vernon","Bar-tailed Godwit","summer",2015,623,3750,375,"National","QWSG; ASMP"
"QLD","Toogoom to Point Vernon","Far Eastern Curlew","summer",2012,103,350,35,"National","QWSG; ASMP"
"QLD","Toogoom to Point Vernon","Great Knot","summer",2013,503,4000,400,"National","QWSG; ASMP"
"QLD","Toogoom to Point Vernon","Greater Sand Plover","summer",2020,382,1400,140,"National","QWSG; ASMP"
"QLD","Toogoom to Point Vernon","Siberian Sand Plover","summer",2012,942,260,26,"International","QWSG; ASMP"
"QLD","Toogoom to Point Vernon","Red-necked Stint","summer",2010,1021,6000,600,"National","QWSG; ASMP"
"QLD","Toogoom to Point Vernon","Wandering Tattler","summer",2023,11,100,10,"National","QWSG; ASMP; incidental"
"QLD","Toogoom to Point Vernon","Whimbrel","summer",2011,159,900,90,"National","QWSG; ASMP"
"SA","Tourville Bay","Curlew Sandpiper","summer",2011,126,1200,120,"National","ASMP"
"SA","Tourville Bay","Grey Plover","summer",2012,87,750,75,"National","ASMP"
"SA","Tourville Bay","Red Knot","summer",2014,582,1300,130,"National","ASMP"
"SA","Tourville Bay","Red-necked Stint","summer",2011,830,6000,600,"National","ASMP"
"SA","Tourville Bay","Ruddy Turnstone","summer",2011,61,300,30,"National","ASMP"
"QLD","Townsville Region","Far Eastern Curlew","summer",2011,130,350,35,"National","QWSG; ASMP"
"QLD","Townsville Region","Great Knot","summer",2010,4500,4000,400,"International","QWSG; ASMP"
"QLD","Townsville Region","Greater Sand Plover","summer",2010,439,1400,140,"National","QWSG; ASMP"
"QLD","Townsville Region","Grey-tailed Tattler","summer",2015,300,800,80,"National","QWSG; ASMP"
"QLD","Townsville Region","Siberian Sand Plover","summer",2014,100,260,26,"National","QWSG; ASMP"
"QLD","Townsville Region","Red Knot","summer",2010,250,1300,130,"National","QWSG; ASMP"
"SA","Troubridge Island","Red-necked Stint","summer",2010,623,6000,600,"National","ASMP"
"SA","Troubridge Island","Ruddy Turnstone","summer",2010,60,300,30,"National","ASMP; incidental"
"NSW","Tuckerbil Swamp","Sharp-tailed Sandpiper","summer",2015,200,1300,130,"National","ASMP"
"NSW","Tuggerah Lakes","Sharp-tailed Sandpiper","summer",2024,200,1300,130,"National","ASMP; incidental"
"NSW","Tuross","Far Eastern Curlew","summer",2012,43,350,35,"National","ASMP; incidental"
"NSW","Tweed Estuary","Far Eastern Curlew","summer",2012,72,350,35,"National","ASMP"
"QLD","Upstart Bay","Far Eastern Curlew","summer",2021,45,350,35,"National","QWSG; ASMP"
"WA","Vasse-Wonnerup Estuary","Common Greenshank","summer",2015,132,1100,110,"National","ASMP"
"WA","Vasse-Wonnerup Estuary","Curlew Sandpiper","summer",2023,190,1200,120,"National","ASMP; incidental"
"WA","Vasse-Wonnerup Estuary","Red-necked Stint","summer",2023,3600,6000,600,"National","ASMP; incidental"
"WA","Vasse-Wonnerup Estuary","Sharp-tailed Sandpiper","summer",2022,865,1300,130,"National","ASMP"
"SA","Venus Bay","Common Greenshank","summer",2015,226,1100,110,"National","ASMP"
"SA","Venus Bay","Grey Plover","summer",2015,172,750,75,"National","ASMP"
"SA","Venus Bay","Red-necked Stint","summer",2023,945,6000,600,"National","ASMP"
"SA","Venus Bay","Sanderling","summer",2022,500,300,30,"International","ASMP"
"WA","Wagin Region","Sharp-tailed Sandpiper","summer",2019,573,1300,130,"National","ASMP"
"WA","Wandalup Ponds","Sharp-tailed Sandpiper","summer",2018,137,1300,130,"National","ASMP; incidental"
"WA","Warden Lakes","Common Greenshank","summer",2015,183,1100,110,"National","ASMP"
"WA","Warden Lakes","Red-necked Stint","summer",2012,907,6000,600,"National","ASMP"
"WA","Warden Lakes","Sharp-tailed Sandpiper","summer",2012,152,1300,130,"National","ASMP"
"SA","Waterloo Bay","Ruddy Turnstone","summer",2012,75,300,30,"National","ASMP; incidental"
"WA","Wedge Island","Ruddy Turnstone","summer",2023,76,300,30,"National","ASMP"
"WA","Wedge Island","Sanderling","summer",2017,500,300,30,"International","ASMP"
"VIC","Werribee / Avalon","Curlew Sandpiper","summer",2020,3328,1200,120,"International","Melbourne Water/ARI; ASMP"
"VIC","Werribee / Avalon","Red-necked Stint","summer",2020,17161,6000,600,"International","Melbourne Water/ARI; ASMP"
"VIC","Werribee / Avalon","Sharp-tailed Sandpiper","summer",2020,10922,1300,130,"International","Melbourne Water/ARI; ASMP"
"VIC","Westernport","Bar-tailed Godwit","summer",2010,499,3750,375,"National","ASMP"
"VIC","Westernport","Curlew Sandpiper","summer",2015,2698,1200,120,"International","ASMP"
"VIC","Westernport","Far Eastern Curlew","summer",2012,613,350,35,"International","ASMP"
"VIC","Westernport","Red Knot","summer",2023,150,1300,130,"National","ASMP; incidental"
"VIC","Westernport","Red-necked Stint","summer",2014,12608,6000,600,"International","ASMP"
"VIC","Westernport","Ruddy Turnstone","summer",2017,72,300,30,"National","ASMP"
"VIC","Westernport","Sharp-tailed Sandpiper","summer",2016,1380,1300,130,"International","ASMP"
"VIC","Willaura","Sharp-tailed Sandpiper","summer",2019,700,1300,130,"National","ASMP"
"NSW","Willinga and Meroo Lakes","Latham's Snipe","summer",2011,156,350,18,"National","ASMP"
"WA","Wilson Inlet","Common Greenshank","summer",2014,308,1100,110,"National","ASMP"
"WA","Wilson Inlet","Red-necked Stint","summer",2014,2989,6000,600,"National","ASMP"
"WA","Wilson Inlet","Sharp-tailed Sandpiper","summer",2010,747,1300,130,"National","ASMP"
"VIC","Winchelsea Region","Latham's Snipe","summer",2024,28,350,18,"National","ASMP; incidental"
"VIC","Winchelsea Region","Red-necked Stint","summer",2014,1730,6000,600,"National","ASMP"
"VIC","Winchelsea Region","Sharp-tailed Sandpiper","summer",2019,3000,1300,130,"International","ASMP; incidental"
"VIC","Winters Swamp","Latham's Snipe","summer",2022,30,350,18,"National","ASMP; incidental"
"NSW","Worimi Conservation Lands","Pacific Golden Plover","summer",2021,155,1500,150,"National","ASMP"
"WA","Yokinup","Sanderling","summer",2014,453,300,30,"International","ASMP"
"WA","Abrolhos Islands","Ruddy Turnstone","summer",2021,110,300,30,"National","Incidental"
"WA","Adele Island","Bar-tailed Godwit","summer",2022,1983,3750,375,"National","Incidental"
"WA","Adele Island","Curlew Sandpiper","summer",2022,610,1200,120,"National","Incidental"
"WA","Adele Island","Great Knot","summer",2022,3200,4000,400,"National","Incidental"
"WA","Adele Island","Greater Sand Plover","summer",2022,2698,1400,140,"International","Incidental"
"WA","Adele Island","Siberian Sand Plover","summer",2022,186,260,26,"National","Incidental"
"WA","Adele Island","Ruddy Turnstone","summer",2022,330,300,30,"International","Incidental"
"WA","Adele Island","Terek Sandpiper","summer",2022,332,750,75,"National","Incidental"
"VIC","Anderson Inlet","Latham's Snipe","summer",2020,87,350,18,"National","ASMP; incidental"
"WA","Anna Plains","Little Curlew","summer",2022,150,1100,110,"National","Incidental"
"WA","Anna Plains","Oriental Pratincole","summer",2021,10000,28800,2880,"National","Incidental"
"NT","Anson Bay, Daly & Reynolds River Floodplains","Little Curlew","summer",2020,1200,1100,110,"International","Chatto (2012); incidental"
"EXT","Ashmore Reef","Greater Sand Plover","summer",2010,170,1400,140,"National","Incidental"
"EXT","Ashmore Reef","Grey-tailed Tattler","summer",2010,550,800,80,"National","Incidental"
"EXT","Ashmore Reef","Ruddy Turnstone","summer",2010,535,300,30,"International","Incidental"
"EXT","Ashmore Reef","Sanderling","summer",2010,50,300,30,"National","Incidental"
"EXT","Ashmore Reef","Whimbrel","summer",2010,400,900,90,"National","Incidental"
"SA","Beachport National Park","Sanderling","summer",2012,110,300,30,"National","Incidental"
"NSW","Belmore Swamp","Sharp-tailed Sandpiper","summer",2019,2000,1300,130,"International","Incidental"
"VIC","Black Rocks/Breamlea","Sanderling","summer",2012,40,300,30,"National","ASMP; incidental"
"WA","Blackwood Estuary","Sharp-tailed Sandpiper","summer",2020,202,1300,130,"National","ASMP; incidental"
"SA","Bool lagoon","Sharp-tailed Sandpiper","summer",2019,5000,1300,130,"International","Incidental"
"QLD","Brandon - Colevale Wetlands","Sharp-tailed Sandpiper","summer",2021,200,1300,130,"National","QWSG; ASMP; incidental"
"WA","Broome","Ruddy Turnstone","summer",2021,57,300,30,"National","ASMP; incidental"
"WA","Broome Beaches","Oriental Pratincole","summer",2023,3000,28800,2880,"National","ASMP; incidental"
"QLD","Cairns area","Latham's Snipe","summer",2017,32,350,18,"National","QWSG; ASMP; incidental"
"NSW","Camden Haven","Far Eastern Curlew","summer",2010,35,350,35,"National","ASMP; incidental"
"VIC","Carrum Wetlands","Sharp-tailed Sandpiper","summer",2013,400,1300,130,"National","Incidental"
"EXT","Cocos (Keeling) Islands","Ruddy Turnstone","summer",2024,45,300,30,"National","Incidental"
"EXT","Cocos (Keeling) Islands","Sanderling","summer",2011,40,300,30,"National","Incidental"
"VIC","Corop Region","Latham's Snipe","summer",2019,18,350,18,"National","ASMP; incidental"
"WA","Cygnet Bay","Greater Sand Plover","summer",2012,150,1400,140,"National","Incidental"
"WA","Cygnet Bay","Grey-tailed Tattler","summer",2012,200,800,80,"National","Incidental"
"NT","Darwin Central","Ruddy Turnstone","summer",2018,30,300,30,"National","ASMP; incidental"
"QLD","Double Island Point","Sanderling","summer",2015,30,300,30,"National","QWSG; ASMP; incidental"
"SA","East Yorke Peninsula","Sanderling","summer",2017,40,300,30,"National","ASMP; incidental"
"TAS","Flinders Island","Ruddy Turnstone","summer",2019,43,300,30,"National","ASMP; incidental"
"NT","Fog Bay","Broad-billed Sandpiper","summer",2024,117,450,45,"National","Chatto (2012); incidental"
"QLD","Four Mile Beach","Siberian Sand Plover","summer",2017,70,260,26,"National","QWSG; ASMP; incidental"
"NSW","Gol Gol","Sharp-tailed Sandpiper","summer",2017,300,1300,130,"National","Incidental"
"TAS","Greens Beach","Ruddy Turnstone","summer",2018,48,300,30,"National","Incidental"
"SA","Guichen Bay","Sanderling","summer",2024,30,300,30,"National","ASMP; incidental"
"NSW","Gwydir Wetlands","Latham's Snipe","summer",2015,20,350,18,"National","Incidental"
"VIC","Horsham","Sharp-tailed Sandpiper","summer",2024,650,1300,130,"National","Incidental"
"NT","Hyland Bay & Moyle Floodplain","Little Curlew","summer",2017,300,1100,110,"National","Chatto (2012); incidental"
"VIC","Indented Head","Ruddy Turnstone","summer",2015,31,300,30,"National","Incidental"
"ACT","Jerrabomberra Wetlands Nature Reserve","Latham's Snipe","summer",2021,146,350,18,"National","Latham's Snipe Project; ASMP; incidental"
"SA","Kingston SE","Latham's Snipe","summer",2018,204,350,18,"National","Latham's Snipe Project; ASMP"
"SA","Kingston SE","Sharp-tailed Sandpiper","summer",2019,300,1300,130,"National","Incidental"
"WA","Lacepede Islands","Curlew Sandpiper","summer",2023,150,1200,120,"National","Incidental"
"WA","Lacepede Islands","Grey-tailed Tattler","summer",2023,100,800,80,"National","Incidental"
"WA","Lacepede Islands","Red Knot","summer",2022,130,1300,130,"National","Incidental"
"WA","Lacepede Islands","Ruddy Turnstone","summer",2021,114,300,30,"National","Incidental"
"WA","Lacepede Islands","Sharp-tailed Sandpiper","summer",2022,240,1300,130,"National","Incidental"
"NSW","Lake Ainsworth","Pacific Golden Plover","summer",2014,206,1500,150,"National","Incidental"
"SA","Lake Alexandrina & Lake Albert","Sanderling","summer",2014,50,300,30,"National","MDBA (2019); ASMP; incidental"
"NSW","Lake Bathurst","Latham's Snipe","summer",2012,20,350,18,"National","Incidental"
"NSW","Lake Bathurst","Sharp-tailed Sandpiper","summer",2017,800,1300,130,"National","Incidental"
"QLD","Lake Bindegolly","Sharp-tailed Sandpiper","summer",2014,240,1300,130,"National","QWSG; ASMP; incidental"
"VIC","Lake Buloke","Sharp-tailed Sandpiper","summer",2017,300,1300,130,"National","Incidental"
"VIC","Lake Lonsdale","Sharp-tailed Sandpiper","summer",2020,800,1300,130,"National","Incidental"
"SA","Lake Macdonnel","Curlew Sandpiper","summer",2017,120,1200,120,"National","ASMP; incidental"
"QLD","Lake Moondarra","Sharp-tailed Sandpiper","summer",2020,600,1300,130,"National","QWSG; ASMP; incidental"
"SA","Lake Robe","Latham's Snipe","summer",2018,100,350,18,"National","ASMP; incidental"
"VIC","Lake Wendouree","Sharp-tailed Sandpiper","summer",2010,220,1300,130,"National","Incidental"
"WA","Lancelin","Ruddy Turnstone","summer",2017,200,300,30,"National","ASMP; incidental"
"WA","Lancelin","Sanderling","summer",2020,50,300,30,"National","ASMP; incidental"
"QLD","Lockyer Valley","Latham's Snipe","summer",2022,25,350,18,"National","QWSG; ASMP; incidental"
"EXT","Lord Howe Island","Pacific Golden Plover","summer",2018,292,1500,150,"National","Incidental"
"EXT","Lord Howe Island","Ruddy Turnstone","summer",2014,290,300,30,"National","Incidental"
"EXT","Lord Howe Island","Wandering Tattler","summer",2018,10,100,10,"National","Incidental"
"NSW","Macleay River Estuary","Sharp-tailed Sandpiper","summer",2022,421,1300,130,"National","Incidental"
"NSW","Maitland Wetlands","Latham's Snipe","summer",2019,54,350,18,"National","Incidental"
"NSW","Maitland Wetlands","Sharp-tailed Sandpiper","summer",2010,2460,1300,130,"International","Incidental"
"NSW","Menindee Lakes","Sharp-tailed Sandpiper","summer",2014,250,1300,130,"National","Incidental"
"ACT","Mulligans Flat","Latham's Snipe","summer",2013,18,350,18,"National","Incidental"
"EXT","Norfolk Island","Ruddy Turnstone","summer",2012,38,300,30,"National","ASMP; incidental"
"WA","Pilbara Islands","Ruddy Turnstone","summer",2024,30,300,30,"National","Incidental"
"WA","Port Hedland","Greater Sand Plover","summer",2016,200,1400,140,"National","ASMP; incidental"
"WA","Port Hedland","Grey-tailed Tattler","summer",2020,500,800,80,"National","ASMP; incidental"
"WA","Port Hedland","Siberian Sand Plover","summer",2016,50,260,26,"National","ASMP; incidental"
"WA","Port Hedland","Red Knot","summer",2016,150,1300,130,"National","ASMP; incidental"
"WA","Port Hedland","Sharp-tailed Sandpiper","summer",2020,250,1300,130,"National","ASMP; incidental"
"NT","Ramingining Plains","Little Curlew","summer",2017,5000,1100,110,"International","Incidental"
"NSW","Rose Lagoon","Latham's Snipe","summer",2014,33,350,18,"National","Incidental"
"VIC","Seaspray","Sharp-tailed Sandpiper","summer",2015,300,1300,130,"National","Incidental"
"QLD","Shoalwater","Siberian Sand Plover","summer",2020,386,260,26,"International","Aecom (2016); incidental"
"VIC","St. Leonards Salt Lake","Sharp-tailed Sandpiper","summer",2015,130,1300,130,"National","ASMP; incidental"
"TAS","Tamar Island Wetlands","Sharp-tailed Sandpiper","summer",2019,180,1300,130,"National","Incidental"
"QLD","Taylors Beach","Great Knot","summer",2022,1100,4000,400,"National","QWSG; ASMP; incidental"
"QLD","Taylors Beach","Pacific Golden Plover","summer",2021,236,1500,150,"National","QWSG; ASMP; incidental"
"TAS","Temma","Ruddy Turnstone","summer",2017,65,300,30,"National","Incidental"
"NSW","Wallis Lake","Latham's Snipe","summer",2021,19,350,18,"National","ASMP; incidental"
"SA","Waterloo Bay","Sanderling","summer",2014,40,300,30,"National","ASMP; incidental"
"SA","Winninowie CP","Curlew Sandpiper","summer",2019,150,1200,120,"National","Incidental"
"SA","Winninowie CP","Red-necked Stint","summer",2013,1000,6000,600,"National","Incidental"
"QLD","Alva Beach","Shorebird aggregation","summer",2021,6573,20000,2000,"National","QWSG; ASMP"
"VIC","Anderson Inlet","Shorebird aggregation","summer",2010,2982,20000,2000,"National","ASMP"
"NT","Anson Bay, Daly & Reynolds River Floodplains","Shorebird aggregation","summer",2012,13944,20000,2000,"National","Chatto (2012)"
"SA","BHP Saltfields","Shorebird aggregation","summer",2023,3149,20000,2000,"National","ASMP"
"SA","Baird Bay","Shorebird aggregation","summer",2023,2622,20000,2000,"National","ASMP"
"WA","Bannitup Lake","Shorebird aggregation","summer",2022,2193,20000,2000,"National","ASMP"
"WA","Barrow Island","Shorebird aggregation","summer",2023,6759,20000,2000,"National","ASMP"
"NT","Boucaut Bay","Shorebird aggregation","summer",2012,25806,20000,2000,"International","Chatto (2012)"
"QLD","Bowling Green Bay","Shorebird aggregation","summer",2011,8544,20000,2000,"National","QWSG; ASMP"
"NT","Buckingham Bay","Shorebird aggregation","summer",2012,6600,20000,2000,"National","Chatto (2012)"
"QLD","Burdekin River delta","Shorebird aggregation","summer",2019,14774,20000,2000,"National","QWSG; ASMP"
"QLD","Cairns area","Shorebird aggregation","summer",2023,2291,20000,2000,"National","QWSG; ASMP"
"WA","Cape Villaret to Jacks Creek","Shorebird aggregation","summer",2016,5568,20000,2000,"National","ASMP"
"WA","Carnarvon","Shorebird aggregation","summer",2016,5972,20000,2000,"National","ASMP"
"SA","Carpenter Rocks","Shorebird aggregation","summer",2017,2012,20000,2000,"National","ASMP"
"QLD","Central Queensland Narrows","Shorebird aggregation","summer",2011,7217,20000,2000,"National","QWSG; ASMP"
"NT","Chambers Bay","Shorebird aggregation","summer",2012,24965,20000,2000,"International","ASMP"
"QLD","Cleveland Bay","Shorebird aggregation","summer",2012,5495,20000,2000,"National","QWSG; ASMP"
"WA","Coast north of Eighty Mile","Shorebird aggregation","summer",2016,5057,20000,2000,"National","ASMP"
"QLD","Colosseum Inlet","Shorebird aggregation","summer",2013,2274,20000,2000,"National","QWSG; ASMP"
"SA","Coorong","Shorebird aggregation","summer",2012,45090,20000,2000,"International","ASMP"
"VIC","Corner Inlet","Shorebird aggregation","summer",2021,30753,20000,2000,"International","ASMP"
"WA","Dampier Saltworks","Shorebird aggregation","summer",2019,12154,20000,2000,"National","ASMP"
"VIC","East Port Phillip","Shorebird aggregation","summer",2014,4638,20000,2000,"National","ASMP"
"WA","Eighty Mile Beach","Shorebird aggregation","summer",2013,332193,20000,2000,"International","MYSMA counts"
"NT","Elcho Island","Shorebird aggregation","summer",2011,8784,20000,2000,"National","Chatto (2012)"
"WA","Exmouth Gulf","Shorebird aggregation","summer",2018,14599,20000,2000,"National","ASMP"
"SA","Eyre Island","Shorebird aggregation","summer",2015,3396,20000,2000,"National","ASMP"
"NSW","Fivebough Swamp","Shorebird aggregation","summer",2014,2800,20000,2000,"National","ASMP"
"NT","Fog Bay","Shorebird aggregation","summer",2011,16614,20000,2000,"National","Chatto (2012)"
"QLD","Gladstone","Shorebird aggregation","summer",2010,2253,20000,2000,"National","QWSG; ASMP"
"QLD","Great Sandy Strait","Shorebird aggregation","summer",2012,18309,20000,2000,"National","QWSG; ASMP"
"SA","Gulf St Vincent","Shorebird aggregation","summer",2023,19040,20000,2000,"National","ASMP"
"VIC","Hamilton","Shorebird aggregation","summer",2010,4151,20000,2000,"National","ASMP"
"NSW","Hunter Estuary","Shorebird aggregation","summer",2016,8316,20000,2000,"National","ASMP"
"QLD","Ince Bay","Shorebird aggregation","summer",2018,3306,20000,2000,"National","QWSG; ASMP"
"NT","Kakadu National Park","Shorebird aggregation","summer",2016,12415,20000,2000,"National","ASMP"
"QLD","Karumba Plains","Shorebird aggregation","summer",2013,4647,20000,2000,"National","QWSG; ASMP"
"QLD","Keppel Sands","Shorebird aggregation","summer",2010,2422,20000,2000,"National","QWSG; ASMP"
"SA","Lake Alexandrina & Lake Albert","Shorebird aggregation","summer",2010,46558,20000,2000,"International","MDBA (2019); ASMP"
"SA","Lake Bonney SE","Shorebird aggregation","summer",2021,7782,20000,2000,"National","ASMP"
"VIC","Lake Connewarre and Barwon River Estuary","Shorebird aggregation","summer",2010,8257,20000,2000,"National","ASMP"
"VIC","Lake Corangamite area","Shorebird aggregation","summer",2018,17871,20000,2000,"National","ASMP"
"SA","Lake Eliza","Shorebird aggregation","summer",2011,3182,20000,2000,"National","ASMP"
"SA","Lake George, SA","Shorebird aggregation","summer",2024,10563,20000,2000,"National","ASMP"
"VIC","Lake Goldsmith","Shorebird aggregation","summer",2020,2455,20000,2000,"National","ASMP"
"SA","Lake Hawdon","Shorebird aggregation","summer",2019,16796,20000,2000,"National","ASMP"
"NSW","Lake Macquarie","Shorebird aggregation","summer",2024,2552,20000,2000,"National","ASMP"
"VIC","Lake Murdeduke","Shorebird aggregation","summer",2017,3473,20000,2000,"National","ASMP"
"VIC","Lake Wongan","Shorebird aggregation","summer",2020,2500,20000,2000,"National","ASMP"
"NT","Legune","Shorebird aggregation","summer",2016,8581,20000,2000,"National","Project Sea Dragon EIS (2018)"
"WA","Leslie Saltfields","Shorebird aggregation","summer",2019,12263,20000,2000,"National","ASMP"
"QLD","Lucinda","Shorebird aggregation","summer",2019,2169,20000,2000,"National","QWSG; ASMP"
"QLD","Mackay","Shorebird aggregation","summer",2011,5695,20000,2000,"National","QWSG; ASMP"
"QLD","Mapoon","Shorebird aggregation","summer",2017,4583,20000,2000,"National","QWSG; ASMP"
"NT","Milingimbi coast","Shorebird aggregation","summer",2016,28653,20000,2000,"International","ASMP; Chatto (2012)"
"VIC","Moolap","Shorebird aggregation","summer",2010,3316,20000,2000,"National","ASMP"
"QLD","Moreton Bay","Shorebird aggregation","summer",2021,18936,20000,2000,"National","QWSG; ASMP"
"NT","North Darwin","Shorebird aggregation","summer",2011,14297,20000,2000,"National","ASMP"
"WA","Peel & Yalgorup Lakes","Shorebird aggregation","summer",2020,12604,20000,2000,"National","ASMP"
"VIC","Point Cook to Williamstown","Shorebird aggregation","summer",2011,4988,20000,2000,"National","ASMP"
"QLD","Port Clinton","Shorebird aggregation","summer",2019,2043,20000,2000,"National","QWSG; ASMP"
"VIC","Port Fairy","Shorebird aggregation","summer",2019,3502,20000,2000,"National","ASMP"
"SA","Port MacDonnell","Shorebird aggregation","summer",2020,3440,20000,2000,"National","ASMP"
"SA","Port Pirie coast","Shorebird aggregation","summer",2019,5159,20000,2000,"National","ASMP"
"SA","Port Victoria","Shorebird aggregation","summer",2021,3266,20000,2000,"National","ASMP"
"QLD","Pumicestone Passage","Shorebird aggregation","summer",2010,6908,20000,2000,"National","QWSG; ASMP"
"QLD","Repulse Bay","Shorebird aggregation","summer",2018,6405,20000,2000,"National","QWSG; ASMP"
"TAS","Robbins Passage/Boullanger Bay","Shorebird aggregation","summer",2010,10773,20000,2000,"National","ASMP"
"WA","Roebuck Bay","Shorebird aggregation","summer",2017,135725,20000,2000,"International","MYSMA counts"
"WA","Rottnest Island","Shorebird aggregation","summer",2023,2553,20000,2000,"National","ASMP"
"QLD","SE Gulf of Carpentaria","Shorebird aggregation","summer",2013,54071,20000,2000,"International","QWSG; ASMP"
"QLD","Sand Bay","Shorebird aggregation","summer",2015,4295,20000,2000,"National","QWSG; ASMP"
"SA","Sceale Bay","Shorebird aggregation","summer",2011,2108,20000,2000,"National","ASMP"
"VIC","Shallow Inlet","Shorebird aggregation","summer",2016,4830,20000,2000,"National","ASMP"
"WA","Shark Bay","Shorebird aggregation","summer",2015,10296,20000,2000,"National","ASMP"
"QLD","Shoalwater","Shorebird aggregation","summer",2016,5410,20000,2000,"National","Aecom (2016)"
"SA","St Peter Island","Shorebird aggregation","summer",2015,5232,20000,2000,"National","ASMP"
"SA","Streaky Bay","Shorebird aggregation","summer",2024,2443,20000,2000,"National","ASMP"
"VIC","Swan Bay & Mud Islands","Shorebird aggregation","summer",2019,4559,20000,2000,"National","ASMP"
"WA","Swan River","Shorebird aggregation","summer",2010,2285,20000,2000,"National","ASMP"
"QLD","Toogoom to Point Vernon","Shorebird aggregation","summer",2012,2317,20000,2000,"National","QWSG; ASMP"
"QLD","Townsville Region","Shorebird aggregation","summer",2011,5089,20000,2000,"National","QWSG; ASMP"
"WA","Vasse-Wonnerup Estuary","Shorebird aggregation","summer",2022,2560,20000,2000,"National","ASMP"
"VIC","Werribee / Avalon","Shorebird aggregation","summer",2020,31576,20000,2000,"International","Melbourne Water/ARI; ASMP"
"VIC","Westernport","Shorebird aggregation","summer",2014,15157,20000,2000,"National","ASMP"
"WA","Wilson Inlet","Shorebird aggregation","summer",2010,3327,20000,2000,"National","ASMP"
"VIC","Winchelsea Region","Shorebird aggregation","summer",2014,2130,20000,2000,"National","ASMP"
"QLD","Lake Galilee","Shorebird aggregation","summer",2012,6000,20000,2000,"National","EAWS (2025)"
"QLD","Lake Numalla","Shorebird aggregation","summer",2014,2091,20000,2000,"National","EAWS (2025)"
"WA","Albany","Species diversity","summer",2017,17,NA,15,"National","ASMP"
"WA","Barrow Island","Species diversity","summer",2021,19,NA,15,"National","ASMP"
"NSW","Botany Bay","Species diversity","summer",2012,15,NA,15,"National","ASMP"
"QLD","Bowling Green Bay","Species diversity","summer",2010,16,NA,15,"National","QWSG; ASMP"
"WA","Broome Beaches","Species diversity","summer",2016,16,NA,15,"National","ASMP"
"QLD","Burdekin River delta","Species diversity","summer",2019,19,NA,15,"National","QWSG; ASMP"
"QLD","Cairns area","Species diversity","summer",2010,19,NA,15,"National","QWSG; ASMP"
"WA","Cape Villaret to Jacks Creek","Species diversity","summer",2016,16,NA,15,"National","ASMP"
"WA","Carnarvon","Species diversity","summer",2014,23,NA,15,"National","ASMP"
"QLD","Central Queensland Narrows","Species diversity","summer",2011,21,NA,15,"National","QWSG; ASMP"
"WA","Coast north of Eighty Mile","Species diversity","summer",2016,20,NA,15,"National","ASMP"
"VIC","Corner Inlet","Species diversity","summer",2016,17,NA,15,"National","ASMP"
"WA","Dampier Peninsula","Species diversity","summer",2016,16,NA,15,"National","ASMP"
"WA","Dampier Saltworks","Species diversity","summer",2017,22,NA,15,"National","ASMP"
"NT","Darwin Harbour","Species diversity","summer",2020,17,NA,15,"National","ASMP"
"WA","Eighty Mile Beach","Species diversity","summer",2016,28,NA,15,"National","MYSMA counts"
"WA","Exmouth Gulf","Species diversity","summer",2018,23,NA,15,"National","ASMP"
"SA","Eyre Island","Species diversity","summer",2013,19,NA,15,"National","ASMP"
"QLD","Gladstone","Species diversity","summer",2011,17,NA,15,"National","QWSG; ASMP"
"QLD","Great Sandy Strait","Species diversity","summer",2010,22,NA,15,"National","QWSG; ASMP"
"SA","Gulf St Vincent","Species diversity","summer",2019,23,NA,15,"National","ASMP"
"NSW","Hunter Estuary","Species diversity","summer",2012,16,NA,15,"National","ASMP"
"NT","Kakadu National Park","Species diversity","summer",2016,22,NA,15,"National","ASMP"
"NT","Legune","Species diversity","summer",2016,27,NA,15,"National","Project Sea Dragon EIS (2018)"
"WA","Leslie Saltfields","Species diversity","summer",2013,26,NA,15,"National","ASMP"
"QLD","Mackay","Species diversity","summer",2011,19,NA,15,"National","QWSG; ASMP"
"QLD","Mapoon","Species diversity","summer",2016,21,NA,15,"National","QWSG; ASMP"
"NT","Milingimbi coast","Species diversity","summer",2016,20,NA,15,"National","ASMP; Chatto (2012)"
"QLD","Moreton Bay","Species diversity","summer",2016,25,NA,15,"National","QWSG; ASMP"
"WA","Ningaloo Marine Park","Species diversity","summer",2020,15,NA,15,"National","ASMP"
"NT","North Darwin","Species diversity","summer",2010,24,NA,15,"National","ASMP"
"WA","Peel & Yalgorup Lakes","Species diversity","summer",2023,24,NA,15,"National","ASMP"
"QLD","Pumicestone Passage","Species diversity","summer",2010,21,NA,15,"National","QWSG; ASMP"
"QLD","Repulse Bay","Species diversity","summer",2020,16,NA,15,"National","QWSG; ASMP"
"NSW","Richmond River Estuary","Species diversity","summer",2017,19,NA,15,"National","ASMP"
"TAS","Robbins Passage/Boullanger Bay","Species diversity","summer",2010,16,NA,15,"National","ASMP"
"WA","Roebuck Bay","Species diversity","summer",2017,28,NA,15,"National","MYSMA counts"
"QLD","SE Gulf of Carpentaria","Species diversity","summer",2013,24,NA,15,"National","QWSG; ASMP"
"QLD","Sand Bay","Species diversity","summer",2011,17,NA,15,"National","QWSG; ASMP"
"VIC","Shallow Inlet","Species diversity","summer",2010,17,NA,15,"National","ASMP"
"WA","Shark Bay","Species diversity","summer",2014,20,NA,15,"National","ASMP"
"SA","St Peter Island","Species diversity","summer",2011,17,NA,15,"National","ASMP"
"VIC","Swan Bay & Mud Islands","Species diversity","summer",2010,15,NA,15,"National","ASMP"
"SA","Tourville Bay","Species diversity","summer",2011,16,NA,15,"National","ASMP"
"QLD","Townsville Region","Species diversity","summer",2011,15,NA,15,"National","QWSG; ASMP"
"VIC","Werribee / Avalon","Species diversity","summer",2012,15,NA,15,"National","Melbourne Water/ARI; ASMP"
"VIC","Westernport","Species diversity","summer",2022,16,NA,15,"National","ASMP"
"NT","Limmen River mouth","Shorebird aggregation","summer",2013,5952,20000,2000,"National","Barden P. (in prep)"
"NT","Limmen River mouth","Red-necked Stint","summer",2013,2688,6000,600,"National","Barden P. (in prep)"
"NT","Limmen River mouth","Sharp-tailed Sandpiper","summer",2013,2042,1300,130,"International","Barden P. (in prep)"
"NT","Limmen River mouth","Great Knot","summer",2012,1821,4000,400,"National","Barden P. (in prep)"
"NT","Limmen River mouth","Black-tailed Godwit","summer",2015,1250,2300,230,"National","Barden P. (in prep)"
"NT","Limmen River mouth","Red Knot","summer",2016,1189,1300,130,"National","Barden P. (in prep)"
"NT","Limmen River mouth","Grey-tailed Tattler","summer",2012,358,800,80,"National","Barden P. (in prep)"
"NT","Limmen River mouth","Curlew Sandpiper","summer",2018,209,1200,120,"National","Barden P. (in prep)"
"NT","Limmen River mouth","Marsh Sandpiper","summer",2013,177,1300,130,"National","Barden P. (in prep)"
"NT","Limmen River mouth","Broad-billed Sandpiper","summer",2012,135,450,45,"National","Barden P. (in prep)"
"NT","Limmen River mouth","Asian Dowitcher","summer",2020,49,280,28,"National","Barden P. (in prep)"
"NT","Limmen River mouth","Far Eastern Curlew","summer",2018,38,350,35,"National","Barden P. (in prep)"
"NT","Limmen River mouth","Species diversity","summer",2016,20,NA,15,"National","Barden P. (in prep)"
"NT","Port McArthur and Borroloola","Shorebird aggregation","summer",2011,28449,20000,2000,"International","Barden P. (in prep)"
"NT","Port McArthur and Borroloola","Red-necked Stint","summer",2011,15361,6000,600,"International","Barden P. (in prep)"
"NT","Port McArthur and Borroloola","Sharp-tailed Sandpiper","summer",2013,11139,1300,130,"International","Barden P. (in prep)"
"NT","Port McArthur and Borroloola","Red Knot","summer",2010,7876,1300,130,"International","Barden P. (in prep)"
"NT","Port McArthur and Borroloola","Curlew Sandpiper","summer",2010,6248,1200,120,"International","Barden P. (in prep)"
"NT","Port McArthur and Borroloola","Broad-billed Sandpiper","summer",2017,4605,450,45,"International","Barden P. (in prep)"
"NT","Port McArthur and Borroloola","Black-tailed Godwit","summer",2011,3222,2300,230,"International","Barden P. (in prep)"
"NT","Port McArthur and Borroloola","Siberian Sand Plover","summer",2015,3177,260,26,"International","Barden P. (in prep)"
"NT","Port McArthur and Borroloola","Great Knot","summer",2012,2580,4000,400,"National","Barden P. (in prep)"
"NT","Port McArthur and Borroloola","Marsh Sandpiper","summer",2010,2247,1300,130,"International","Barden P. (in prep)"
"NT","Port McArthur and Borroloola","Common Greenshank","summer",2015,1356,1100,110,"International","Barden P. (in prep)"
"NT","Port McArthur and Borroloola","Grey-tailed Tattler","summer",2011,998,800,80,"International","Barden P. (in prep)"
"NT","Port McArthur and Borroloola","Greater Sand Plover","summer",2010,991,1400,140,"National","Barden P. (in prep)"
"NT","Port McArthur and Borroloola","Whimbrel","summer",2015,869,900,90,"National","Barden P. (in prep)"
"NT","Port McArthur and Borroloola","Asian Dowitcher","summer",2012,268,280,28,"National","Barden P. (in prep)"
"NT","Port McArthur and Borroloola","Far Eastern Curlew","summer",2016,88,350,35,"National","Barden P. (in prep)"
"NT","Port McArthur and Borroloola","Ruddy Turnstone","summer",2013,62,300,30,"National","Barden P. (in prep)"
"NT","Port McArthur and Borroloola","Species diversity","summer",2010,21,NA,15,"National","Barden P. (in prep)"
"ACT","West Belconnen Ponds","Latham's Snipe","summer",2019,28,350,18,"National","Latham's Snipe Project"
"ACT","Horse Park wetlands, Jacka","Latham's Snipe","summer",2019,21,350,18,"National","Latham's Snipe Project"
"ACT","Horse Park Drive wetlands, Forde","Latham's Snipe","summer",2023,19,350,18,"National","Latham's Snipe Project"
"NSW","BulBul Cres / Kekul St wetlands","Latham's Snipe","summer",2023,126,350,18,"National","Latham's Snipe Project"
"NSW","Branch Creek, Gap Road, Alstonville","Latham's Snipe","summer",2020,125,350,18,"National","Latham's Snipe Project"
"NSW","Wallsend (& Bunnings) wetlands","Latham's Snipe","summer",2021,53,350,18,"National","Latham's Snipe Project"
"NSW","Bowral Botanic Garden","Latham's Snipe","summer",2022,50,350,18,"National","Latham's Snipe Project"
"NSW","Sea Peace Flats, Byron","Latham's Snipe","summer",2022,45,350,18,"National","Latham's Snipe Project"
"NSW","Bowral Street Reserve","Latham's Snipe","summer",2021,33,350,18,"National","Latham's Snipe Project"
"NSW","Irrawang swamp","Latham's Snipe","summer",2019,24,350,18,"National","Latham's Snipe Project"
"NSW","Cliftleigh Meadows Park","Latham's Snipe","summer",2022,24,350,18,"National","Latham's Snipe Project"
"SA","Lake McIntyre, Millicent","Latham's Snipe","summer",2016,29,350,18,"National","Latham's Snipe Project"
"TAS","Rotaract Park, Smithton","Latham's Snipe","summer",2023,140,350,18,"National","Latham's Snipe Project"
"TAS","Silver Plains","Latham's Snipe","summer",2024,110,350,18,"National","Latham's Snipe Project"
"TAS","Grindelwald Dam","Latham's Snipe","summer",2020,33,350,18,"National","Latham's Snipe Project"
"TAS","Shag Lagoon, King Island","Latham's Snipe","summer",2021,28,350,18,"National","Latham's Snipe Project"
"TAS","Burton's Reserve","Latham's Snipe","summer",2024,21,350,18,"National","Latham's Snipe Project"
"VIC","Moyne Estuary","Latham's Snipe","summer",2023,221,350,18,"National","Latham's Snipe Project"
"VIC","Peterborough Wetlands","Latham's Snipe","summer",2015,207,350,18,"National","Latham's Snipe Project"
"VIC","Silverleaves, Phillip Island","Latham's Snipe","summer",2020,131,350,18,"National","Latham's Snipe Project"
"VIC","Evelyn Drive Wetland","Latham's Snipe","summer",2020,115,350,18,"National","Latham's Snipe Project"
"VIC","Norman Street Industrial Area, Ballarat","Latham's Snipe","summer",2023,97,350,18,"National","Latham's Snipe Project"
"VIC","Cheltenham Rd Retarding Basin","Latham's Snipe","summer",2023,83,350,18,"National","Latham's Snipe Project"
"VIC","Elcho & Lara, Lakeland Wetlands","Latham's Snipe","summer",2021,82,350,18,"National","Latham's Snipe Project"
"VIC","BARC Wetlands, Bairnsdale","Latham's Snipe","summer",2018,81,350,18,"National","Latham's Snipe Project"
"VIC","Clifton Creek Swamp, Wy Yung","Latham's Snipe","summer",2023,63,350,18,"National","Latham's Snipe Project"
"VIC","Allansford","Latham's Snipe","summer",2024,58,350,18,"National","Latham's Snipe Project"
"VIC","Graydens Wetland, Phillip Island","Latham's Snipe","summer",2021,55,350,18,"National","Latham's Snipe Project"
"VIC","Nerrina Wetlands, Ballarat","Latham's Snipe","summer",2023,52,350,18,"National","Latham's Snipe Project"
"VIC","Waterford Wetlands","Latham's Snipe","summer",2019,43,350,18,"National","Latham's Snipe Project"
"VIC","MacAlister Wetland Reserve","Latham's Snipe","summer",2024,37,350,18,"National","Latham's Snipe Project"
"VIC","Aitken Creek, Cascade Terrace Wetland, Melbourne","Latham's Snipe","summer",2022,36,350,18,"National","Latham's Snipe Project"
"VIC","Penshurst town precinct","Latham's Snipe","summer",2020,36,350,18,"National","Latham's Snipe Project"
"VIC","Flooding Creek, Sale","Latham's Snipe","summer",2020,34,350,18,"National","Latham's Snipe Project"
"VIC","Cape Paterson Ecovillage","Latham's Snipe","summer",2023,33,350,18,"National","Latham's Snipe Project"
"VIC","Saltwater Creek, Phillip Island","Latham's Snipe","summer",2018,31,350,18,"National","Latham's Snipe Project"
"VIC","Heathdale Glen Orden Wetland","Latham's Snipe","summer",2022,29,350,18,"National","Latham's Snipe Project"
"VIC","Tirhatuan Wetlands Conservation Reserve","Latham's Snipe","summer",2021,23,350,18,"National","Latham's Snipe Project"
"VIC","Balyang Sanctuary","Latham's Snipe","summer",2016,20,350,18,"National","Latham's Snipe Project"
"VIC","Flax Mill Swamp, Ballarat","Latham's Snipe","summer",2018,20,350,18,"National","Latham's Snipe Project"
"VIC","Deepdene Rd Wetland (Dean's Marsh East)","Latham's Snipe","summer",2022,18,350,18,"National","Latham's Snipe Project"
"WA","Lake MacLeod","Curlew Sandpiper","summer",2014,2340,1200,120,"International","Incidental"
"WA","Lake MacLeod","Broad-billed Sandpiper","summer",2014,82,450,45,"National","Incidental"
"WA","Lake MacLeod","Red-necked Stint","summer",2014,1496,6000,600,"National","Incidental"
"WA","Lake MacLeod","Red Knot","summer",2014,900,1300,130,"National","Incidental"
